Id,Name,ComponentCode__c,Status__c,Category__c,ComponentDescription__c
a2I8H000000krFLUAY,G99,G99,Active,,HOISTWAY - OTHER
a2I8H000000krFMUAY,H01,H01,Active,Governor,GOVERNOR - OVERSPEED SWITCH (OS)
a2I8H000000krFNUAY,H02,H02,Active,Governor,GOVERNOR - BEARINGS
a2I8H000000krFOUAY,H03,H03,Active,Governor,GOVERNOR - SHEAVE
a2I8H000000krFPUAY,201,201,Active,,AFT SLAVE VEHICLE AFT BLOWER MOTOR TEMPERATURE HIG
a2I8H000000krFQUAY,202,202,Active,,AFT SLAVE VEHICLE AFT BLOWER OIL COOLING EQUIPMENT
a2I8H000000krFRUAY,203,203,Active,,AFT SLAVE VEHICLE AFT BLOWER PRESSURE SWITCH CK1 F
a2I8H000000krFSUAY,204,204,Active,,AFT SLAVE VEHICLE AFT BLOWER PRESSURE SWITCH CK2 F
a2I8H000000krFTUAY,205,205,Active,,AFT SLAVE VEHICLE AFT BLOWER OIL PLUMBING FAULT EA
a2I8H000000krFUUAY,206,206,Active,,AFT SLAVE VEHICLE AFT BLOWER FAULT EAST LANE
a2I8H000000krFVUAY,059,059,Active,,ALARM RECORDING SYSTEM ACTIVATED
a2I8H000000krFWUAY,060,060,Active,,FIRE CONCOURSE A EAST LANE
a2I8H000000krFXUAY,051,051,Active,,ATP HALTED WEST LANE
a2I8H000000krFYUAY,052,052,Active,,ATS HALTED WEST LANE
a2I8H000000krFZUAY,061,061,Active,,FIRE CONCOURSE A WEST LANE
a2I8H000000krFaUAI,062,062,Active,,FIRE AT TRAIN EAST LANE
a2I8H000000krFbUAI,063,063,Active,,FIRE AT TRAIN WEST LANE
a2I8H000000krFcUAI,064,064,Active,,MASTER VEHICLE SUSPENSION LOSS EAST LANE
a2I8H000000krFdUAI,035,035,Active,,GUIDEWAY CONTACTOR FAULT WEST LANE
a2I8H000000krFeUAI,036,036,Active,,TERMINAL OVERTRAVEL WEST LANE
a2I8H000000krFfUAI,223,223,Active,,FWD SLAVE VEHICLE FWD BLOWER PRESSURE SWITCH CK2 F
a2I8H000000krFgUAI,224,224,Active,,FWD SLAVE VEHICLE FWD BLOWER OIL PLUMBING FAULT WE
a2I8H000000krFhUAI,225,225,Active,,FWD SLAVE VEHICLE AFT BLOWER MOTOR TEMPERATURE HIG
a2I8H000000krFiUAI,226,226,Active,,FWD SLAVE VEHICLE AFT BLOWER OIL COOLING EQUIPMENT
a2I8H000000krFjUAI,227,227,Active,,FWD SLAVE VEHICLE AFT BLOWER PRESSURE SWITCH CK1 F
a2I8H000000krFkUAI,228,228,Active,,FWD SLAVE VEHICLE AFT BLOWER PRESSURE SWITCH CK2 F
a2I8H000000krFlUAI,229,229,Active,,FWD SLAVE VEHICLE AFT BLOWER OIL PLUMBING FAULT WE
a2I8H000000krFmUAI,230,230,Active,,FWD SLAVE VEHICLE AFT BLOWER FAULT WEST LANE
a2I8H000000krFnUAI,231,231,Active,,FWD SLAVE VEHICLE FWD BLOWER FAULT WEST LANE
a2I8H000000krFoUAI,232,232,Active,,AFT SLAVE VEHICLE FWD BLOWER MOTOR TEMPERATURE HIG
a2I8H000000krFpUAI,038,038,Active,,TRAIN OVERSPEED FAULT WEST LANE
a2I8H000000krFqUAI,039,039,Active,,MANUAL EMERGENCY STOP WEST LANE
a2I8H000000krFrUAI,040,040,Active,,DRIVE CONTACTOR FAULT WEST LANE
a2I8H000000krFsUAI,041,041,Active,,TENSION WEIGHT OVERTRAVEL FAULT WEST LANE
a2I8H000000krFtUAI,042,042,Active,,DEROPEMENT FAULT WEST LANE
a2I8H000000krFuUAI,043,043,Active,,CONVERTER CRITICAL FAULT WEST LANE
a2I8H000000krFvUAI,044,044,Active,,MOTOR CRITICAL FAULT WEST LANE
a2I8H000000krFwUAI,045,045,Active,,VEHICLE FAULT WEST LANE
a2I8H000000krFxUAI,046,046,Active,,BARRIER SAFETY FAULT WEST LANE
a2I8H000000krFyUAI,047,047,Active,,MOTOR NON CRITICAL FAULT WEST LANE
a2I8H000000krFzUAI,048,048,Active,,DOOR FAULT WEST LANE
a2I8H000000krG0UAI,022,022,Active,,FIRE TERMINAL 3 EAST LANE
a2I8H000000krG1UAI,D47,D47,Active,,CAR DOOR - LINKAGE
a2I8H000000krG2UAI,D48,D48,Active,Door Operator,CAR DOOR - PC BOARD
a2I8H000000krG3UAI,020,020,Active,,EARTHQUAKE NON CRITICAL FAULT EAST LANE
a2I8H000000krG4UAI,023,023,Active,,FIRE CONCOURSE B EAST LANE
a2I8H000000krG5UAI,024,024,Active,,CONVERTER NON CRITICAL FAULT EAST LANE
a2I8H000000krG6UAI,025,025,Active,,ATO HALTED EAST LANE
a2I8H000000krG7UAI,026,026,Active,,ATP HALTED EAST LANE
a2I8H000000krG8UAI,A42,A42,Active,,CAR CONTROLLER - READJUST CONTROLLER(TOTAL)
a2I8H000000krG9UAI,A43,A43,Active,,CAR CONTROLLER - READJUST CONTROLLER(PARTIAL)
a2I8H000000krGAUAY,A44,A44,Active,Car Controller,CAR CONTROLLER - READJUST DISPATCHING
a2I8H000000krGBUAY,A45,A45,Active,,CAR CONTROLLER - S.A.L.C.
a2I8H000000krGCUAY,A46,A46,Active,,CAR CONTROLLER - SOFTWARE
a2I8H000000krGDUAY,A47,A47,Active,Car Controller,REM
a2I8H000000krGEUAY,A48,A48,Active,Car Controller,CAR CONTROLLER - EMERGENCY RETURN UNIT (ERU)
a2I8H000000krGFUAY,A70,A70,Active,,CAR CONTROLLER - E401/E101 UPGRADE
a2I8H000000krGGUAY,L12,L12,Active,,SELECTOR - FLOOR CONTROLLER
a2I8H000000krGHUAY,L13,L13,Active,,SELECTOR - OVERSPEED LIMIT
a2I8H000000krGIUAY,L14,L14,Active,Selector / PPT,SELECTOR - PAWL MAGNET
a2I8H000000krGJUAY,A20,A20,Active,,CAR CONTROLLER - WRO OPERATION
a2I8H000000krGKUAY,L15,L15,Active,Selector / PPT,SELECTOR - BRUSH
a2I8H000000krGLUAY,L16,L16,Active,,SELECTOR - CIRCUIT
a2I8H000000krGMUAY,146,146,Active,,FWD SLAVE VEHICLE LEFT #2 DOOR NOT LOCKED WEST LAN
a2I8H000000krGNUAY,021,021,Active,,DOOR FAULT EAST LANE
a2I8H000000krGOUAY,L17,L17,Active,Selector / PPT,SELECTOR - RELAY
a2I8H000000krGPUAY,643,643,Active,,VEHICLE CABLE CLAMP
a2I8H000000krGQUAY,644,644,Active,,VEHICLE AIR PAD ASSEMBLY
a2I8H000000krGRUAY,645,645,Active,,VEHICLE CAB WIRING JUNCTION BOX ASSEMBLY
a2I8H000000krGSUAY,646,646,Active,,VEHICLE CHASSIS WIRING JUNCTION BOX ASSEMBLY
a2I8H000000krGTUAY,647,647,Active,,VEHICLE FLOOR JUNCTION BOX DOOR ASSEMBLY
a2I8H000000krGUUAY,648,648,Active,,VEHICLE BATTERY
a2I8H000000krGVUAY,649,649,Active,,VEHICLE AIR CONDITIONING
a2I8H000000krGWUAY,650,650,Active,,VEHICLE PASSENGER DISPLAY
a2I8H000000krGXUAY,651,651,Active,,VEHICLE DOOR OPERATOR
a2I8H000000krGYUAY,652,652,Active,,VEHICLE DOOR ASSEMBLY
a2I8H000000krGZUAY,653,653,Active,,VEHICLE DOOR OPTO COUPLER
a2I8H000000krGaUAI,654,654,Active,,VEHICLE LATERAL GUIDANCE ASSEMBLY
a2I8H000000krGbUAI,655,655,Active,,VEHICLE YAW ASSEMBLY
a2I8H000000krGcUAI,656,656,Active,,VEHICLE BUMPER SWITCH
a2I8H000000krGnUAI,X99,X99,Active,Not Equipment Related,CAR IN SERVICE / CHECKED OPERATION
a2I8H000000krGoUAI,Y81,Y81,Active,Not Equipment Related,NOT EQUIP. RELATED-CUSTOMER TRAVEL TIME
a2I8H000000krGpUAI,Y82,Y82,Active,Not Equipment Related,NOT EQUIP. RELATED - UNABLE TO GAIN ACCESS TO UNIT
a2I8H000000krGqUAI,Y83,Y83,Active,Not Equipment Related,NOT EQUIP RELATED-CAR OVERLOADED / PEOPLE JUMPING
a2I8H000000krGrUAI,Y84,Y84,Active,Not Equipment Related,NOT EQUIP RELATED-ALLOW CAR TOP-PIT ACCESS-RUN CAR
a2I8H000000krGsUAI,Y85,Y85,Active,Not Equipment Related,NOT EQUIPMENT RELATED - STANDBY
a2I8H000000krGtUAI,Y86,Y86,Active,Not Equipment Related,NOT EQUIPMENT RELATED - VANE BEHIND ROLLER
a2I8H000000krGuUAI,Y87,Y87,Active,Not Equipment Related,NOT EQUIPMENT RELATED - KEYS IN PIT
a2I8H000000krGvUAI,Y88,Y88,Active,Not Equipment Related,NOT EQUIPMENT RELATED - WATER IN PIT
a2I8H000000krGwUAI,N99,N99,Active,,MOTOR - OTHER
a2I8H000000krGxUAI,S40,S40,Active,,MAIN MACHINE - BRAKE SHOES
a2I8H000000krGyUAI,S41,S41,Active,,MAIN MACHINE - BRAKE SWITCH
a2I8H000000krGzUAI,S42,S42,Active,,MAIN MACHINE - BRUSH RIGGING
a2I8H000000krH0UAI,S43,S43,Active,,MAIN MACHINE - BUSHINGS
a2I8H000000krH1UAI,626,626,Active,,VEHICLE HVAC CONTROL PANEL ASSEMBLY
a2I8H000000krH2UAI,E04,E04,Active,Car Equipment,CAR - EMERGENCY EXIT SWITCH
a2I8H000000krH3UAI,E05,E05,Active,Car Equipment,CAR - INSPECTION SWITCH
a2I8H000000krH4UAI,E06,E06,Active,,CAR - CAR ON INDEPENDENT SERVICE
a2I8H000000krH5UAI,627,627,Active,,VEHICLE HVAC FAN CB ASSEMBLY
a2I8H000000krH6UAI,628,628,Active,,VEHICLE MAIN CB PANEL
a2I8H000000krH7UAI,629,629,Active,,VEHICLE BLOWER SOFT START ASSEMBLY
a2I8H000000krH8UAI,630,630,Active,,VEHICLE CONTROL VOLT UNIT
a2I8H000000krH9UAI,631,631,Active,,VEHICLE BLOWER
a2I8H000000krHAUAY,632,632,Active,,VEHICLE SIGNALLING UNIT
a2I8H000000krHBUAY,633,633,Active,,VEHICLE DOOR CONTROL RELAY DRIVERS
a2I8H000000krHCUAY,634,634,Active,,VEHICLE DUMP VALVE JUNCTION BOX-OUT
a2I8H000000krHDUAY,635,635,Active,,VEHICLE DUMP VALVE JUNCTION BOX-INNER
a2I8H000000krHEUAY,636,636,Active,,VEHICLE AFT TERMINAL PANEL ASSEMBLY
a2I8H000000krHFUAY,637,637,Active,,VEHICLE AFT TERMINAL PANEL-MANULA CONTROL PANEL
a2I8H000000krHGUAY,638,638,Active,,VEHICLE AFT TERMINAL PANEL-RELAY CONTROL PANEL
a2I8H000000krHHUAY,639,639,Active,,VEHICLE AFT TERMINAL PANEL-CIRCUIT BREAKER PANEL
a2I8H000000krHIUAY,640,640,Active,,VEHICLE AFT TERMINAL PANEL-INTER COMMUNICATION PAN
a2I8H000000krHJUAY,642,642,Active,,VEHICLE ROPE PIC
a2I8H000000krHKUAY,M18,M18,Active,Generator,GENERATOR - MOTOR
a2I8H000000krHLUAY,H07,H07,Active,Governor,GOVERNOR - CAR ON SAFETIES
a2I8H000000krHMUAY,M16,M16,Active,Generator,GENERATOR - INTERPOLES
a2I8H000000krHNUAY,M17,M17,Active,Generator,GENERATOR - ISOLATION
a2I8H000000krHOUAY,M19,M19,Active,Generator,GENERATOR - ROTATING ELEMENT
a2I8H000000krHPUAY,M20,M20,Active,Generator,GENERATOR - WINDINGS
a2I8H000000krHQUAY,H10,H10,Active,,GOVERNOR - BUSHING
a2I8H000000krHRUAY,H11,H11,Active,Governor,GOVERNOR - CAM
a2I8H000000krHSUAY,H12,H12,Active,Governor,GOVERNOR - CONTACTS
a2I8H000000krHTUAY,H13,H13,Active,Governor,GOVERNOR - GEARS
a2I8H000000krHUUAY,H14,H14,Active,Governor,GOVERNOR - JAWS
a2I8H000000krHVUAY,H15,H15,Active,,GOVERNOR - REBUILD CAR GOVERNOR
a2I8H000000krHWUAY,H16,H16,Active,Governor,GOVERNOR - SHAFT
a2I8H000000krHXUAY,H17,H17,Active,Governor,GOVERNOR - SWITCHES
a2I8H000000krHYUAY,H04,H04,Active,Governor,GOVERNOR - BEARINGS - COUNTERWEIGHT GOVERNOR
a2I8H000000krHZUAY,H05,H05,Active,,GOVERNOR - SHEAVE - COUNTERWEIGHT GOVERNOR
a2I8H000000krHaUAI,H18,H18,Active,Governor,GOVERNOR PULL THRU
a2I8H000000krHbUAI,H19,H19,Active,Governor,GOVERNOR SPIN TEST
a2I8H000000krHcUAI,H99,H99,Active,,GOVERNOR - OTHER
a2I8H000000krHdUAI,J01,J01,Active,Hall Fixture,HALL FIXTURE - BUTTON
a2I8H000000krHeUAI,J02,J02,Active,Hall Fixture,HALL FIXTURE - HPI/ROTOMATIC DIAL
a2I8H000000krHfUAI,J03,J03,Active,Hall Fixture,HALL FIXTURE - LANTERN
a2I8H000000krHgUAI,J04,J04,Active,Hall Fixture,HALL FIXTURE - BUTTON PC BOARD
a2I8H000000krHhUAI,J05,J05,Active,,HALL FIXTURE - KEY SWITCH
a2I8H000000krHiUAI,J06,J06,Active,Hall Fixture,HALL FIXTURE - HALL POSITION INDICATOR PC BOARD
a2I8H000000krHjUAI,200,200,Active,,AFT SLAVE VEHICLE FWD BLOWER OIL PLUMBING FAULT EA
a2I8H000000krHkUAI,214,214,Active,,MASTER VEHICLE AFT BLOWER OIL COOLING EQUIPMENT FA
a2I8H000000krHlUAI,215,215,Active,,MASTER VEHICLE AFT BLOWER PRESSURE SWITCH CK1 FAUL
a2I8H000000krHmUAI,216,216,Active,,MASTER VEHICLE AFT BLOWER PRESSURE SWITCH CK2 FAUL
a2I8H000000krHnUAI,J08,J08,Active,,HALL FIXTURE - ROTOMATIC DIAL
a2I8H000000krHoUAI,J10,J10,Active,,HALL FIXTURE - CRT DISPLAY
a2I8H000000krHpUAI,J11,J11,Active,,HALL FIXTURE - FACE PLATE
a2I8H000000krHqUAI,L40,L40,Active,Selector / PPT,SELECTOR - GUIDES
a2I8H000000krHrUAI,L41,L41,Active,,SELECTOR - LEVELING CAM
a2I8H000000krHsUAI,L42,L42,Active,Selector / PPT,SELECTOR - PRIMARY POSITION TRANSDUCER
a2I8H000000krHtUAI,L43,L43,Active,,SELECTOR - REBUILD SELECTOR
a2I8H000000krHuUAI,L44,L44,Active,,SELECTOR - SHEAVE
a2I8H000000krHvUAI,R04,R04,Active,Gear Case,GEAR CASE - GEAR CASE / ADDED OIL
a2I8H000000krHwUAI,R05,R05,Active,Gear Case,GEAR CASE - COUPLING(MOTOR TO GEAR CASE)
a2I8H000000krHxUAI,R99,R99,Active,,GEAR CASE - OTHER
a2I8H000000krHyUAI,J12,J12,Active,,HALL FIXTURE - GONG
a2I8H000000krHzUAI,J13,J13,Active,,HALL FIXTURE - INTERCOM
a2I8H000000krI0UAI,J14,J14,Active,,HALL FIXTURE - SECURITY
a2I8H000000krI1UAI,J15,J15,Active,,HALL FIXTURE - STARTER PANEL
a2I8H000000krI2UAI,A01,A01,Active,Car Controller,CAR CONTROLLER - RELAY
a2I8H000000krI3UAI,657,657,Active,,VEHICLE E-STOP
a2I8H000000krI4UAI,658,658,Active,,VEHICLE WAYSIDE/VEHICLE COMMUNICATION EQUIPMENT
a2I8H000000krI5UAI,659,659,Active,,VEHICLE DIAGNOSTIC COMMUNICATION EQUIPMENT
a2I8H000000krI6UAI,A02,A02,Active,Car Controller,CAR CONTROLLER - RESISTOR
a2I8H000000krI7UAI,A03,A03,Active,,CAR CONTROLLER - RECTIFIER
a2I8H000000krI8UAI,A04,A04,Active,Car Controller,CAR CONTROLLER - OVERLOAD
a2I8H000000krI9UAI,A05,A05,Active,Car Controller,"CAR CONTROLLER - PC BOARD, PROCESSOR"
a2I8H000000krIAUAY,A06,A06,Active,Car Controller,CAR CONTROLLER - FUSE / BREAKER
a2I8H000000krIBUAY,A07,A07,Active,,CAR CONTROLLER - TRANSFORMER
a2I8H000000krICUAY,E15,E15,Active,,CAR - TOP OF CAR INSPECTION
a2I8H000000krIDUAY,641,641,Active,,VEHICLE POWER COIL ARM
a2I8H000000krIEUAY,E16,E16,Active,Car Equipment,CAR - TERMINAL MOTION SWITCH
a2I8H000000krIFUAY,E17,E17,Active,Car Equipment,CAR - CAR GUIDES
a2I8H000000krIVUAY,T25,T25,Active,,ESCALATOR - TRAILER ROLLER
a2I8H000000krIWUAY,T26,T26,Active,,ESCALATOR - TREAD
a2I8H000000krIXUAY,T27,T27,Active,,ESCALATOR - BALUSTRADE LIGHTS
a2I8H000000krIYUAY,T28,T28,Active,,ESCALATOR - BALUSTRADE LIGHTS
a2I8H000000krIZUAY,T29,T29,Active,,ESCALATOR - DEMARCATION LIGHTS
a2I8H000000krIaUAI,T30,T30,Active,,ESCALATOR - LANDING PLATE
a2I8H000000krIbUAI,T31,T31,Active,Escalator,ESCALATOR - SKIRT
a2I8H000000krIcUAI,T32,T32,Active,,ESCALATOR - SWITHCES
a2I8H000000krIdUAI,T33,T33,Active,Escalator,ESCALATOR - TENSION CARRIAGE
a2I8H000000krIeUAI,T34,T34,Active,Escalator,ESCALATOR - TRACK
a2I8H000000krIfUAI,T35,T35,Active,,ESCALATOR - BALUSTRADE
a2I8H000000krIgUAI,T36,T36,Active,,ESCALATOR - COUNTERSHAFT
a2I8H000000krIhUAI,T37,T37,Active,,ESCALATOR - DRIVE SPROCKET
a2I8H000000krJ9UAI,E18,E18,Active,,CAR - CAR TOP
a2I8H000000krJAUAY,E19,E19,Active,Car Equipment,PC SOFTWARE/REMOTE STATION & IO BOARD
a2I8H000000krJBUAY,E20,E20,Active,,CAR - COP POWER SUPPLY
a2I8H000000krJCUAY,E21,E21,Active,,CAR - CAB CONTROLLER POWER SUPPLY
a2I8H000000krJDUAY,E22,E22,Active,,CAR - CAB CONTROLLER POWER AMPLIFIER
a2I8H000000krJEUAY,E23,E23,Active,,CAR - CAB CONTROLLER PC BOARD
a2I8H000000krJFUAY,E24,E24,Active,,CAR - INFORMATION DISPLAY
a2I8H000000krJHUAY,E25,E25,Active,Car Equipment,CAR - SECONDARY POSITION TRANSDUCER (SPT)
a2I8H000000krJIUAY,E26,E26,Active,,CAR - POR(POWER ON RESET)
a2I8H000000krJQUAY,S27,S27,Active,Main Machine / Brake,MAIN MACHINE - ROPE GRIPPER
a2I8H000000krJRUAY,J16,J16,Active,Hall Fixture,HALL FIXTURE - SWITCHES
a2I8H000000krJSUAY,J99,J99,Active,,HALL FIXTURE - OTHER
a2I8H000000krJTUAY,S01,S01,Active,Main Machine / Brake,MAIN MACHINE - DRIVE SHEAVE
a2I8H000000krJUUAY,S30,S30,Active,,MAIN MACHINE - A-STAND
a2I8H000000krJVUAY,S31,S31,Active,,"MAIN MACHINE - BEARING, MOTOR"
a2I8H000000krJWUAY,S32,S32,Active,Main Machine / Brake,"MAIN MACHINE - BEARING, SHEAVE"
a2I8H000000krJXUAY,L45,L45,Active,,SELECTOR - SIGNAL DRIVE
a2I8H000000krJYUAY,L46,L46,Active,,SELECTOR - TRAVELING CABLE
a2I8H000000krJZUAY,S02,S02,Active,Main Machine / Brake,MAIN MACHINE - DRIVE SHEAVE INSERT
a2I8H000000krJaUAI,S03,S03,Active,Main Machine / Brake,MAIN MACHINE - BRAKE
a2I8H000000krJbUAI,J07,J07,Active,Hall Fixture,HALL FIXTURE - LANTERN PC BOARD
a2I8H000000krJcUAI,S33,S33,Active,Main Machine / Brake,"MAIN MACHINE - BEARING, THRUST"
a2I8H000000krJdUAI,S34,S34,Active,,MAIN MACHINE - BED RING
a2I8H000000krJeUAI,S35,S35,Active,,MAIN MACHINE - BLOWER
a2I8H000000krJfUAI,S36,S36,Active,Main Machine / Brake,MAIN MACHINE - BRAKE COIL
a2I8H000000krJgUAI,S04,S04,Active,,MAIN MACHINE - PRIMARY VELOCITY TRANSDUCER (PVT)
a2I8H000000krJhUAI,S37,S37,Active,Main Machine / Brake,MAIN MACHINE - BRAKE CORE
a2I8H000000krJiUAI,S05,S05,Active,,MAIN MACHINE - ADDED OIL
a2I8H000000krJjUAI,S06,S06,Active,,MAIN MACHINE - ARMATURE
a2I8H000000krJmUAI,S38,S38,Active,Main Machine / Brake,MAIN MACHINE - BRAKE LINING
a2I8H000000krJnUAI,183,183,Active,,MASTER VEHICLE FWD BLOWER FAULT EAST LANE
a2I8H000000krJoUAI,184,184,Active,,FWD SLAVE VEHICLE FWD BLOWER MOTOR TEMPERATURE HIG
a2I8H000000krJpUAI,185,185,Active,,FWD SLAVE VEHICLE FWD BLOWER OIL COOLING EQUIPMENT
a2I8H000000krJqUAI,186,186,Active,,FWD SLAVE VEHICLE FWD BLOWER PRESSURE SWITCH CK1 F
a2I8H000000krJrUAI,187,187,Active,,FWD SLAVE VEHICLE FWD BLOWER PRESSURE SWITCH CK2 F
a2I8H000000krJsUAI,188,188,Active,,FWD SLAVE VEHICLE FWD BLOWER OIL PLUMBING FAULT EA
a2I8H000000krJtUAI,168,168,Active,,AFT SLAVE VEHICLE RIGHT #3 DOOR NOT LOCKED EAST LA
a2I8H000000krJuUAI,189,189,Active,,FWD SLAVE VEHICLE AFT BLOWER MOTOR TEMPERATURE HIG
a2I8H000000krJvUAI,190,190,Active,,FWD SLAVE VEHICLE AFT BLOWER OIL COOLING EQUIPMENT
a2I8H000000krJwUAI,191,191,Active,,FWD SLAVE VEHICLE AFT BLOWER PRESSURE SWITCH CK1 F
a2I8H000000krJxUAI,181,181,Active,,MASTER VEHICLE AFT BLOWER OIL PLUMBING FAULT EAST
a2I8H000000krJyUAI,182,182,Active,,MASTER VEHICLE AFT BLOWER FAULT EAST LANE
a2I8H000000krJzUAI,192,192,Active,,FWD SLAVE VEHICLE AFT BLOWER PRESSURE SWITCH CK2 F
a2I8H000000krK0UAI,193,193,Active,,FWD SLAVE VEHICLE AFT BLOWER OIL PLUMBING FAULT EA
a2I8H000000krK1UAI,194,194,Active,,FWD SLAVE VEHICLE AFT BLOWER FAULT EAST LANE
a2I8H000000krK2UAI,195,195,Active,,FWD SLAVE VEHICLE FWD BLOWER FAULT EAST LANE
a2I8H000000krK3UAI,165,165,Active,,AFT SLAVE VEHICLE LEFT #3 DOOR NOT LOCKED EAST LAN
a2I8H000000krK4UAI,T38,T38,Active,,ESCALATOR - DRIVE CHAIN
a2I8H000000krK5UAI,T39,T39,Active,Escalator,ESCALATOR - GUARD
a2I8H000000krK6UAI,T40,T40,Active,,ESCALATOR - GUIDE
a2I8H000000krK7UAI,166,166,Active,,AFT SLAVE VEHICLE RIGHT #1 DOOR NOT LOCKED EAST LA
a2I8H000000krK8UAI,167,167,Active,,AFT SLAVE VEHICLE RIGHT #2 DOOR NOT LOCKED EAST LA
a2I8H000000krK9UAI,504,504,Active,,GUIDEWAY ROPE
a2I8H000000krKAUAY,505,505,Active,,GUIDEWAY SUPPORT SHEAVE
a2I8H000000krKBUAY,506,506,Active,,GUIDEWAY POWER RAIL
a2I8H000000krKCUAY,520,520,Active,,STATION DOOR OPTO COUPLER
a2I8H000000krKDUAY,521,521,Active,,STATION DOOR OPERATOR
a2I8H000000krKEUAY,522,522,Active,,STATION PROXIMITY SWITCH
a2I8H000000krKFUAY,523,523,Active,,STATION CONTROLLER
a2I8H000000krKGUAY,524,524,Active,,STATION PASSENGER DISPLAYS
a2I8H000000krKHUAY,525,525,Active,,STATION CCTV
a2I8H000000krKIUAY,526,526,Active,,STATION PA
a2I8H000000krKJUAY,527,527,Active,,STATION WAYSIDE COMMUNICATION
a2I8H000000krKKUAY,528,528,Active,,STATION UPS
a2I8H000000krKLUAY,540,540,Active,,TURNING SHEAVE PUSHDOWN SHEAVE
a2I8H000000krKMUAY,541,541,Active,,TURNING SHEAVE BUFFER
a2I8H000000krKNUAY,542,542,Active,,TURNING SHEAVE
a2I8H000000krKOUAY,543,543,Active,,TURNING SHEAVE ROPE OILER
a2I8H000000krKPUAY,550,550,Active,,MAINTENANCE AREA CLOSURE DOOR
a2I8H000000krKQUAY,S47,S47,Active,,MAIN MACHINE - DRUM
a2I8H000000krKRUAY,S48,S48,Active,,MAIN MACHINE - EXTERNAL GEARS
a2I8H000000krKSUAY,S49,S49,Active,Main Machine / Brake,MAIN MACHINE - GEAR
a2I8H000000krKTUAY,S50,S50,Active,Main Machine / Brake,MAIN MACHINE - GLAND PACKING
a2I8H000000krKUUAY,S51,S51,Active,,MAIN MACHINE - HEATER
a2I8H000000krKVUAY,T41,T41,Active,,ESCALATOR - IDLER SPROCKET
a2I8H000000krKWUAY,T42,T42,Active,Escalator,ESCALATOR - NEWEL
a2I8H000000krKXUAY,T43,T43,Active,Escalator,ESCALATOR - NEWEL BEARINGS
a2I8H000000krKYUAY,T44,T44,Active,,ESCALATOR - POLY V BELT
a2I8H000000krKZUAY,T45,T45,Active,,ESCALATOR - POLY V BELT PULLEY
a2I8H000000krKaUAI,T46,T46,Active,Escalator,ESCALATOR - ROLLERS
a2I8H000000krKbUAI,T47,T47,Active,,ESCALATOR - TACH GENERATOR
a2I8H000000krKcUAI,T48,T48,Active,Escalator,ESCALATOR - TENSION DEVICE
a2I8H000000krKdUAI,T49,T49,Active,,ESCALATOR - TENSION SHEAVE
a2I8H000000krKeUAI,T50,T50,Active,,ESCALATOR - TENSION SHEAVE BEARINGS
a2I8H000000krKfUAI,T51,T51,Active,Escalator,ESCALATOR - BEARINGS
a2I8H000000krKgUAI,T52,T52,Active,Escalator,ESCALATOR - CHAIN
a2I8H000000krKhUAI,T53,T53,Active,,ESCALATOR - DRIVE BELT
a2I8H000000krKiUAI,A21,A21,Active,,CAR CONTROLLER - DRIVE LOGIC UNIT
a2I8H000000krKjUAI,A22,A22,Active,,CAR CONTROLLER - OVERSPEED LIGHT
a2I8H000000krKkUAI,A23,A23,Active,,CAR CONTROLLER - CONTROLLER WIRING
a2I8H000000krKpUAI,E43,E43,Active,,CAR - FACE PLATE
a2I8H000000krKqUAI,E44,E44,Active,,CAR - FLOOR
a2I8H000000krKrUAI,E45,E45,Active,,CAR - FLOOR COVERING
a2I8H000000krKsUAI,E46,E46,Active,,CAR - HANDRAIL
a2I8H000000krKtUAI,E48,E48,Active,,CAR - INTERCOM
a2I8H000000krKuUAI,E49,E49,Active,,CAR - KEYLESS ENTRY
a2I8H000000krKvUAI,E50,E50,Active,,CAR - LAMP
a2I8H000000krKwUAI,E51,E51,Active,,CAR - LANTERN
a2I8H000000krKxUAI,E52,E52,Active,,CAR - LIGHT FIXTURE
a2I8H000000krKyUAI,E53,E53,Active,,CAR - LOCK
a2I8H000000krKzUAI,E54,E54,Active,,CAR - PC BOARD
a2I8H000000krL0UAI,E55,E55,Active,,CAR - SERVICE CABINET
a2I8H000000krL1UAI,E56,E56,Active,,CAR - SILL
a2I8H000000krL2UAI,E57,E57,Active,Car Equipment,CAR - TELEPHONE CABINET
a2I8H000000krL3UAI,E58,E58,Active,,CAR - ALARM BELL
a2I8H000000krL4UAI,E59,E59,Active,,CAR - BEARING
a2I8H000000krL5UAI,E60,E60,Active,,CAR - BLOWER
a2I8H000000krL6UAI,E47,E47,Active,,CAR - HANG-ON-PANELS
a2I8H000000krL7UAI,E61,E61,Active,,CAR - CAB CONTROLLER (E101)
a2I8H000000krL8UAI,E62,E62,Active,,CAR - CAM
a2I8H000000krL9UAI,E63,E63,Active,Car Equipment,CAR - EMERGENCY CAR LIGHTING
a2I8H000000krLAUAY,L35,L35,Active,,SELECTOR - CLUTCH DEVICE
a2I8H000000krLBUAY,L36,L36,Active,,SELECTOR - COIL
a2I8H000000krLCUAY,M12,M12,Active,,GENERATOR - BRUSH RIGGING
a2I8H000000krLDUAY,M13,M13,Active,,GENERATOR - COUPLINGS
a2I8H000000krLEUAY,M14,M14,Active,,GENERATOR - EXCITER BRUSH
a2I8H000000krLFUAY,P01,P01,Active,Hydraulic Machine,HYDRAULIC MACHINE - MOTOR/PUMP
a2I8H000000krLGUAY,Y89,Y89,Active,Not Equipment Related,NOT EQUIPMENT RELATED - POWER FAILURE
a2I8H000000krLHUAY,Y90,Y90,Active,Not Equipment Related,NOT EQUIPMENT RELATED - CARD READER / SECURITY
a2I8H000000krLIUAY,Y91,Y91,Active,Not Equipment Related,NOT EQUIPMENT RELATED - INDEPENDENT SERVICE
a2I8H000000krLJUAY,Y92,Y92,Active,Not Equipment Related,NOT EQUIP RELATED-DR TRACK OBSTRUCTION/WIND EFFECT
a2I8H000000krLKUAY,Y93,Y93,Active,Not Equipment Related,NOT EQUIPMENT RELATED - STOP BUTTON
a2I8H000000krLLUAY,Y94,Y94,Active,Not Equipment Related,NOT EQUIPMENT RELATED - ON INSPECTION SERVICE
a2I8H000000krLMUAY,Y95,Y95,Active,Not Equipment Related,NOT EQUIPMENT RELATED- DOOR/GATE/KNOCKED OFF TRACK
a2I8H000000krLNUAY,Y96,Y96,Active,Not Equipment Related,NOT EQUIPMENT RELATED - POWER SPIKE/LOW AC/HEAT
a2I8H000000krLOUAY,Y97,Y97,Active,Not Equipment Related,NOT EQUIP RELATED-SES (FIREMAN'S SERVICE)ACTIVATED
a2I8H000000krLPUAY,Y98,Y98,Active,Not Equipment Related,NOT EQUIPMENT RELATED - CAR LIGHTING
a2I8H000000krLQUAY,Y99,Y99,Active,,NOT EQUIPMENT RELATED - SEE CALL DETAILS
a2I8H000000krLRUAY,Z01,Z01,Active,,CLEAN CAR TOP
a2I8H000000krLSUAY,Z02,Z02,Active,,CLEAN DOWN ESCALATOR/REPORT OF CONDITIONS
a2I8H000000krLTUAY,Z03,Z03,Active,,CLEAN HOISTWAY
a2I8H000000krLbUAI,T97,T97,Active,Escalator,ESCALATOR - STEP LEVEL DEVICE
a2I8H000000krLcUAI,T98,T98,Active,,TEST ESCL
a2I8H000000krLdUAI,T99,T99,Active,,ESCALATOR - OTHER
a2I8H000000krLeUAI,V01,V01,Active,Pit,PIT - TAPE SHEAVE
a2I8H000000krLfUAI,V02,V02,Active,Pit,PIT - GOVERNOR SHEAVE
a2I8H000000krLgUAI,V03,V03,Active,Pit,PIT - COMPENSATING SHEAVE / GUIDE
a2I8H000000krLhUAI,V04,V04,Active,Pit,PIT - BUFFER SWITCH
a2I8H000000krLiUAI,V05,V05,Active,Pit,PIT - EMERGENCY SWITCH
a2I8H000000krLjUAI,V06,V06,Active,Pit,PIT - PIT SWITCH
a2I8H000000krLkUAI,V07,V07,Active,,PIT - CAR BUFFER
a2I8H000000krLlUAI,V08,V08,Active,,PIT - COUNTERWEIGHT BUFFER
a2I8H000000krLmUAI,V09,V09,Active,,PIT - SWITCHES
a2I8H000000krLnUAI,V10,V10,Active,,PIT - TAPE SHEAVE
a2I8H000000krLoUAI,V11,V11,Active,,PIT - BEARING
a2I8H000000krLpUAI,V12,V12,Active,Pit,PIT - CAR BUFFER
a2I8H000000krLqUAI,V13,V13,Active,Pit,PIT - COMPENSATION TIE-DOWN
a2I8H000000krLrUAI,V14,V14,Active,Pit,PIT - CWT BUFFER
a2I8H000000krLsUAI,V15,V15,Active,Pit,PIT - CYLINDER
a2I8H000000krLtUAI,V16,V16,Active,,PIT - CYLINDER SLEEVE
a2I8H000000krLuUAI,V18,V18,Active,Pit,PIT - GUARDS
a2I8H000000krLvUAI,V19,V19,Active,,PIT - MONOMASS
a2I8H000000krLwUAI,V20,V20,Active,Pit,PIT - PISTON
a2I8H000000krLxUAI,V21,V21,Active,,PIT - PLUNGER PACKING
a2I8H000000krLyUAI,V22,V22,Active,Pit,PIT - PIT LADDER
a2I8H000000krLzUAI,V23,V23,Active,Pit,PIT - OIL RETURN SYSTEM
a2I8H000000krM0UAI,V24,V24,Active,Pit,PIT - EMPTY PIT CAN
a2I8H000000krM1UAI,T01,T01,Active,Escalator,ESCALATOR - HANDRAIL
a2I8H000000krM2UAI,T02,T02,Active,,ESCALATOR - HANDRAIL DRIVE CHAIN
a2I8H000000krM3UAI,T03,T03,Active,Escalator,ESCALATOR - COUNTERSHAFT CHAIN
a2I8H000000krM4UAI,T04,T04,Active,Escalator,ESCALATOR - COUNTERSHAFT BEARING
a2I8H000000krM5UAI,T05,T05,Active,Escalator,ESCALATOR - HANDRAIL BRUSH
a2I8H000000krM6UAI,V17,V17,Active,,PIT - GUIDES
a2I8H000000krM7UAI,V25,V25,Active,Pit,PIT - CYLINDER / PACKING
a2I8H000000krM8UAI,A27,A27,Active,,CAR CONTROLLER - STO
a2I8H000000krM9UAI,A24,A24,Active,,CAR CONTROLLER - TRANSISTOR
a2I8H000000krMAUAY,A25,A25,Active,,CAR CONTROLLER - CONDENSOR
a2I8H000000krMBUAY,A26,A26,Active,,CAR CONTROLLER - EARTHQUAKE DEVICE
a2I8H000000krMCUAY,A28,A28,Active,Car Controller,CAR CONTROLLER - SWITCH
a2I8H000000krMDUAY,A29,A29,Active,Car Controller,CAR CONTROLLER - TIMER
a2I8H000000krMEUAY,A30,A30,Active,Car Controller,CAR CONTROLLER - WIRING CONNECTOR / PLUG
a2I8H000000krMFUAY,A31,A31,Active,Car Controller,CAR CONTROLLER - RELAY CONTACT
a2I8H000000krMGUAY,A32,A32,Active,Car Controller,CAR CONTROLLER - SECURITY / CARD READER
a2I8H000000krMHUAY,A33,A33,Active,Car Controller,CAR CONTROLLER - SOFTWARE
a2I8H000000krMIUAY,A40,A40,Active,,CAR CONTROLLER - BLOWER
a2I8H000000krMJUAY,A41,A41,Active,,CAR CONTROLLER - CAPACITOR
a2I8H000000krMKUAY,S52,S52,Active,,MAIN MACHINE - HELICAL GEAR
a2I8H000000krMLUAY,198,198,Active,,AFT SLAVE VEHICLE FWD BLOWER PRESSURE SWITCH CK1 F
a2I8H000000krMMUAY,199,199,Active,,AFT SLAVE VEHICLE FWD BLOWER PRESSURE SWITCH CK2 F
a2I8H000000krMOUAY,207,207,Active,,AFT SLAVE VEHICLE FWD BLOWER FAULT EAST LANE
a2I8H000000krMPUAY,208,208,Active,,MASTER VEHICLE FWD BLOWER MOTOR TEMPERATURE HIGH W
a2I8H000000krMQUAY,209,209,Active,,MASTER VEHICLE FWD BLOWER OIL COOLING EQUIPMENT FA
a2I8H000000krMRUAY,210,210,Active,,MASTER VEHICLE FWD BLOWER PRESSURE SWITCH CK1 FAUL
a2I8H000000krMSUAY,211,211,Active,,MASTER VEHICLE FWD BLOWER PRESSURE SWITCH CK2 FAUL
a2I8H000000krMTUAY,212,212,Active,,MASTER VEHICLE FWD BLOWER OIL PLUMBING FAULT WEST
a2I8H000000krMUUAY,213,213,Active,,MASTER VEHICLE AFT BLOWER MOTOR TEMPERATURE HIGH W
a2I8H000000krMpUAI,Z07,Z07,Active,,"PAINT CROSSHEAD,SLIDE STILES,SAFETY PLANK"
a2I8H000000krMqUAI,Z04,Z04,Active,,CLEAN MACHINE ROOM
a2I8H000000krMrUAI,Z05,Z05,Active,,CLEAN PIT
a2I8H000000krMsUAI,Z06,Z06,Active,,PAINT CAR TOP
a2I8H000000krMtUAI,Z08,Z08,Active,,PAINT MACHINE ROOM EQUIPMENT
a2I8H000000krMuUAI,Z09,Z09,Active,,PAINT MACHINE ROOM FLOOR
a2I8H000000krMvUAI,Z10,Z10,Active,,PAINT PIT EQUIPMENT
a2I8H000000krMwUAI,Z11,Z11,Active,,PAINT PIT FLOOR
a2I8H000000krMxUAI,Z12,Z12,Active,,"PAINT RAILS, BRACKETS"
a2I8H000000krMyUAI,Z13,Z13,Active,Clean/Standby/Survey/Test,FIREMAN'S SERVICE
a2I8H000000krMzUAI,Z14,Z14,Active,Clean/Standby/Survey/Test,FULL LOAD TEST - (NON-HYDRO)
a2I8H000000krN0UAI,Z15,Z15,Active,Clean/Standby/Survey/Test,NO LOAD TEST - (NON-HYDRO)
a2I8H000000krN1UAI,Z16,Z16,Active,Clean/Standby/Survey/Test,PRESSURE RELIEF VALVE TEST-(HDYRO SPECIFIC)
a2I8H000000krN2UAI,Z17,Z17,Active,Clean/Standby/Survey/Test,OTHER CLEANING AND PAINTING
a2I8H000000krN3UAI,Z18,Z18,Active,Clean/Standby/Survey/Test,FULL LOAD LEAK DOWN TEST - (HYDRO SPECIFIC)
a2I8H000000krN4UAI,Z19,Z19,Active,Clean/Standby/Survey/Test,NO LOAD LEAK DOWN TEST - (HYDRO SPECIFIC)
a2I8H000000krN5UAI,Z22,Z22,Active,Clean/Standby/Survey/Test,CONSULTANT SURVEY
a2I8H000000krN6UAI,609,609,Active,,ELECTRICAL ROOM SUB-STATION
a2I8H000000krN7UAI,610,610,Active,,ELECTRICAL ROOM GUIDEWAY CONTROL PANEL
a2I8H000000krN8UAI,611,611,Active,,ELECTRICAL ROOM GUIDEWAY POWER ALLOW RELAY
a2I8H000000krN9UAI,620,620,Active,,VEHICLE POWER DISTRIBUTION
a2I8H000000krNAUAY,621,621,Active,,VEHICLE POWER COIL TERM BLOCK
a2I8H000000krNBUAY,622,622,Active,,VEHICLE MOTOR JUNCTION BOX
a2I8H000000krNCUAY,623,623,Active,,VEHICLE CONTROL POWER TRANSFORMER 6KVA
a2I8H000000krNDUAY,624,624,Active,,VEHICLE CONTROL POWER TRANSFORMER 3KVA
a2I8H000000krNEUAY,625,625,Active,,VEHICLE HVAC POWER TRANSFORMER 5KVA
a2I8H000000krNFUAY,D17,D17,Active,Car Door,CAR DOOR - ROLLER
a2I8H000000krNGUAY,D18,D18,Active,Car Door,CAR DOOR - SILL
a2I8H000000krNHUAY,D19,D19,Active,Car Door,CAR DOOR - SWITCHES/DOOR LIMITS
a2I8H000000krNIUAY,D20,D20,Active,Car Door,CAR DOOR - TRACK
a2I8H000000krNJUAY,D21,D21,Active,Car Door,CAR DOOR - VANE / CLUTCH
a2I8H000000krNKUAY,D30,D30,Active,,CAR DOOR - ASTRAGAL
a2I8H000000krNLUAY,D31,D31,Active,,CAR DOOR - CABLE
a2I8H000000krNMUAY,D32,D32,Active,,CAR DOOR - DOOR PANEL
a2I8H000000krNNUAY,D33,D33,Active,,CAR DOOR - ECCENTRIC
a2I8H000000krNOUAY,D34,D34,Active,,CAR DOOR - GUIDE
a2I8H000000krNPUAY,Z20,Z20,Active,Clean/Standby/Survey/Test,SEALED PVC MONITORING AND EVACUATING
a2I8H000000krNQUAY,Z21,Z21,Active,Clean/Standby/Survey/Test,GOVERNMENT / LOCAL TESTS
a2I8H000000krNRUAY,D35,D35,Active,,"CAR DOOR - ROLLER, HANGER"
a2I8H000000krNSUAY,D36,D36,Active,,"CAR DOOR - ROLLER, UPTHRUST"
a2I8H000000krNTUAY,D37,D37,Active,,CAR DOOR - TENITE SHIELD
a2I8H000000krNUUAY,D38,D38,Active,,CAR DOOR - VANE/SKATE
a2I8H000000krNVUAY,D39,D39,Active,,CAR DOOR - BELT
a2I8H000000krNWUAY,D40,D40,Active,,CAR DOOR - BRAKE
a2I8H000000krNXUAY,W04,W04,Active,,COUNTERWEIGHT GOVERNOR - BEARINGS
a2I8H000000krNYUAY,V26,V26,Active,Pit,PIT - RUPTURE VALVE
a2I8H000000krNZUAY,V27,V27,Active,Pit,PIT - SHUTOFF VALVE
a2I8H000000krNaUAI,V99,V99,Active,,PIT - OTHER
a2I8H000000krNbUAI,W05,W05,Active,,COUNTERWEIGHT GOVERNOR - SHEAVE
a2I8H000000krNcUAI,W18,W18,Active,,COUNTERWEIGHT GOVERNOR - BUSHINGS
a2I8H000000krNdUAI,W19,W19,Active,,COUNTERWEIGHT GOVERNOR - CONTACTS
a2I8H000000krNeUAI,W20,W20,Active,,COUNTERWEIGHT GOVERNOR - GEARS
a2I8H000000krNfUAI,W21,W21,Active,,COUNTERWEIGHT GOVERNOR - JAWS
a2I8H000000krNgUAI,W22,W22,Active,,COUNTERWEIGHT GOVERNOR - REBUILD CWT GOVERNOR
a2I8H000000krNhUAI,W23,W23,Active,,COUNTERWEIGHT GOVERNOR - SHAFT
a2I8H000000krNiUAI,W99,W99,Active,,COUNTERWEIGHT GOVERNOR - OTHER
a2I8H000000krNjUAI,C04,C04,Active,,STARTER PANEL - OVERLOAD
a2I8H000000krNkUAI,C05,C05,Active,,STARTER PANEL - FUSE / BREAKER
a2I8H000000krNlUAI,C06,C06,Active,,STARTER PANEL - TRANSFORMER
a2I8H000000krNmUAI,C07,C07,Active,,STARTER PANEL - POWER SUPPLY
a2I8H000000krNnUAI,C99,C99,Active,,STARTER PANEL - OTHER
a2I8H000000krNoUAI,D01,D01,Active,Car Door,CAR DOOR - SAFETY SHOE/EDGE
a2I8H000000krNpUAI,D02,D02,Active,Car Door,CAR DOOR - LIGHT RAY
a2I8H000000krNqUAI,D03,D03,Active,,CAR DOOR - VANE BEHIND ROLLER
a2I8H000000krNrUAI,D04,D04,Active,Door Operator,CAR DOOR - OPERATOR
a2I8H000000krNsUAI,D05,D05,Active,Car Door,CAR DOOR - HANGER
a2I8H000000krNtUAI,D06,D06,Active,Door Operator,CAR DOOR - CHAIN / BELT
a2I8H000000krNuUAI,D07,D07,Active,Car Door,CAR DOOR - CAM
a2I8H000000krNvUAI,D08,D08,Active,Car Door,CAR DOOR - GIB
a2I8H000000krNwUAI,D09,D09,Active,Door Operator,CAR DOOR - DOOR CONTROL BOX
a2I8H000000krNxUAI,D10,D10,Active,Car Door,CAR DOOR - DOOR/GATE
a2I8H000000krNyUAI,D11,D11,Active,Door Operator,CAR DOOR - MOTOR / BRUSHES
a2I8H000000krNzUAI,D12,D12,Active,,CAR DOOR - DOOR SWITCH
a2I8H000000krO0UAI,D13,D13,Active,,CAR DOOR - DOOR OFF TRACK
a2I8H000000krO1UAI,D14,D14,Active,Car Door,CAR DOOR - AIRCORD
a2I8H000000krOBUAY,D15,D15,Active,Car Door,CAR DOOR - DETECTOR / LAMBDA / ETC.
a2I8H000000krOCUAY,D16,D16,Active,Car Door,CAR DOOR - GATE SWITCH
a2I8H000000krODUAY,L21,L21,Active,,SELECTOR - DIGITAL POSITION SYSTEM
a2I8H000000krOZUAY,084,084,Active,,FWD SLAVE VEHICLE CROSS CHECK FAULT EAST LANE
a2I8H000000krOaUAI,085,085,Active,,FWD SLAVE VEHICLE BUMPER SWITCH ACTIVATED EAST LAN
a2I8H000000krObUAI,087,087,Active,,FWD SLAVE VEHICLE LEFT # 2 EMERGENCY ACCESS DOOR O
a2I8H000000krOcUAI,088,088,Active,,FWD SLAVE VEHICLE LEFT # 3 EMERGENCY ACCESS DOOR O
a2I8H000000krOdUAI,089,089,Active,,FWD SLAVE VEHICLE SAFE TO OPERATE SELF TEST EAST L
a2I8H000000krPLUAY,D44,D44,Active,,CAR DOOR - ENCODER
a2I8H000000krPMUAY,D41,D41,Active,,CAR DOOR - COUPLINGS
a2I8H000000krPNUAY,D42,D42,Active,Door Operator,CAR DOOR - DOOR CHECK
a2I8H000000krPOUAY,D43,D43,Active,,CAR DOOR - DOOR CONTROLLER
a2I8H000000krPPUAY,D45,D45,Active,Car Door,CAR DOOR - GEARS
a2I8H000000krPQUAY,D46,D46,Active,,CAR DOOR - GEAR REDUCTION UNIT
a2I8H000000krPTUAY,D49,D49,Active,,CAR DOOR - RESISTOR
a2I8H000000krPUUAY,D50,D50,Active,,CAR DOOR - RETIRING CAM
a2I8H000000krPVUAY,D51,D51,Active,,CAR DOOR - SCREW
a2I8H000000krPWUAY,D52,D52,Active,,CAR DOOR - SPROCKET
a2I8H000000krPXUAY,D53,D53,Active,,CAR DOOR - VARIABLE PITCH SCREW
a2I8H000000krPYUAY,D99,D99,Active,,CAR DOOR - OTHER
a2I8H000000krPZUAY,E01,E01,Active,Car Equipment,CAR - BUTTON
a2I8H000000krPaUAI,E02,E02,Active,Car Equipment,CAR - COP (CAR OPERATING PANEL)
a2I8H000000krPbUAI,E03,E03,Active,Car Equipment,CAR - CAR POSITION INDICATOR (CPI)
a2I8H000000krPcUAI,Z25,Z25,Active,Clean/Standby/Survey/Test,"MEETINGS-CUSTOMER, CONSULTANT"
a2I8H000000krPdUAI,Z26,Z26,Active,Clean/Standby/Survey/Test,"OBTAINING PARTS, TOOLS, MAT'L"
a2I8H000000krPeUAI,Z27,Z27,Active,Clean/Standby/Survey/Test,STEP SKIRT INDEX TEST
a2I8H000000krPfUAI,Z28,Z28,Active,Clean/Standby/Survey/Test,SETUP / MOVE MATERIAL / TOOLS
a2I8H000000krPgUAI,Z29,Z29,Active,Clean/Standby/Survey/Test,JOB HAZARDOUS ANALYSIS (JHA)
a2I8H000000krPhUAI,Z30,Z30,Active,,ESC. CONTROLLER COVERS PRESENT
a2I8H000000krPiUAI,Z31,Z31,Active,,ESC. CONTROLLER COVERS REQUIRED
a2I8H000000krPjUAI,Z99,Z99,Active,,OTHER
a2I8H000000krPkUAI,Z23,Z23,Active,Clean/Standby/Survey/Test,STANDBY
a2I8H000000krPlUAI,Z24,Z24,Active,Clean/Standby/Survey/Test,EMERGENCY POWER TEST
a2I8H000000krPmUAI,E07,E07,Active,,CAR - CAR LIGHTING
a2I8H000000krPnUAI,E08,E08,Active,Car Equipment,CAR - KEY SWITCH
a2I8H000000krPoUAI,E09,E09,Active,Car Equipment,CAR - PHONE/INTERCOM
a2I8H000000krPpUAI,E10,E10,Active,Car Equipment,CAR - ALARM BELL/STOP/SWITCH
a2I8H000000krPqUAI,E11,E11,Active,Car Equipment,CAR - SAFETY OPERATED SWITCH (SOS)
a2I8H000000krPrUAI,E12,E12,Active,Car Equipment,CAR - SELECTOR TAPE SWITCH
a2I8H000000krPsUAI,E13,E13,Active,Car Equipment,CAR - DOOR ZONE SWITCH
a2I8H000000krPtUAI,E14,E14,Active,Car Equipment,CAR - LEVELING SWITCH/CAM/MAGNET
a2I8H000000krPuUAI,L32,L32,Active,,SELECTOR - BASE
a2I8H000000krPvUAI,L33,L33,Active,Selector / PPT,SELECTOR - BEARING
a2I8H000000krPwUAI,L34,L34,Active,Selector / PPT,SELECTOR - CHAIN
a2I8H000000krPxUAI,M09,M09,Active,Generator,GENERATOR - WIRING
a2I8H000000krPyUAI,M10,M10,Active,,GENERATOR - AC STATOR
a2I8H000000krPzUAI,M11,M11,Active,,GENERATOR - BLOWER
a2I8H000000krQ0UAI,N07,N07,Active,,MOTOR - LOAD WEIGHING TRANSDUCER
a2I8H000000krQ1UAI,N98,N98,Active,Canadian,CANADIAN FEDERAL GOV'T INSPECTION
a2I8H000000krQ2UAI,B99,B99,Active,,GROUP CONTROLLER - OTHER
a2I8H000000krQ3UAI,C01,C01,Active,,STARTER PANEL - RELAY/SWITCH
a2I8H000000krQ4UAI,M07,M07,Active,Generator,GENERATOR - BRUSHES/RIGGING
a2I8H000000krQ5UAI,L30,L30,Active,,SELECTOR - ADVANCER MOTOR
a2I8H000000krQ6UAI,L31,L31,Active,,SELECTOR - ADVANCER PANEL
a2I8H000000krQ7UAI,M06,M06,Active,Generator,GENERATOR - BEARING
a2I8H000000krQ8UAI,C03,C03,Active,,STARTER PANEL - RECTIFIER
a2I8H000000krQ9UAI,T06,T06,Active,,ESCALATOR - HANDRAIL ROLLERS
a2I8H000000krQAUAY,S99,S99,Active,,MAIN MACHINE - OTHER
a2I8H000000krQBUAY,T07,T07,Active,,ESCALATOR - HANDRAIL GUIDES
a2I8H000000krQCUAY,T08,T08,Active,Escalator,ESCALATOR - NON-REVERSAL DEVICE
a2I8H000000krQDUAY,T09,T09,Active,,ESCALATOR - PRESSURE BELT (POLY V BELT)
a2I8H000000krQEUAY,T86,T86,Active,Escalator,ESCALATOR - MISSING STEP DEVICE
a2I8H000000krQFUAY,T54,T54,Active,,ESCALATOR - DRIVE SPROCKET
a2I8H000000krQGUAY,T55,T55,Active,Escalator,ESCALATOR - EMERGENCY BRAKE
a2I8H000000krQHUAY,T56,T56,Active,,ESCALATOR - EXTERNAL GEARS
a2I8H000000krQIUAY,T57,T57,Active,,ESCALATOR - FRICTION DEVICE
a2I8H000000krQJUAY,T58,T58,Active,Escalator,ESCALATOR - GOVERNOR/SPEED SENSOR
a2I8H000000krQKUAY,T59,T59,Active,Escalator,ESCALATOR - HELICAL GEAR
a2I8H000000krQLUAY,T60,T60,Active,Escalator,ESCALATOR - LUBRICATION SYSTEM
a2I8H000000krQMUAY,T61,T61,Active,Escalator,ESCALATOR - MACHINE BRAKE
a2I8H000000krQNUAY,T62,T62,Active,Escalator,ESCALATOR - MAIN DRIVE
a2I8H000000krQOUAY,T63,T63,Active,Escalator,ESCALATOR - MOTOR
a2I8H000000krQPUAY,T64,T64,Active,,ESCALATOR - ROTOR
a2I8H000000krQQUAY,T65,T65,Active,,ESCALATOR - STATOR
a2I8H000000krQRUAY,T66,T66,Active,Escalator,ESCALATOR - THRUST BEARING
a2I8H000000krQSUAY,T67,T67,Active,Escalator,ESCALATOR - WORM AND GEAR
a2I8H000000krQTUAY,T68,T68,Active,,ESCALATOR - FAULT FINDER
a2I8H000000krQUUAY,M08,M08,Active,Generator,GENERATOR - COMPOUNDING
a2I8H000000krQVUAY,N05,N05,Active,Motor,MOTOR - ENCODER/COUPLING
a2I8H000000krQWUAY,N06,N06,Active,,MOTOR - COUPLING(MOTOR TO ENCODER)
a2I8H000000krQXUAY,S11,S11,Active,,MAIN MACHINE - COUPLING (MOTOR-TO-GEAR CASE)
a2I8H000000krQYUAY,S12,S12,Active,,MAIN MACHINE - ENCODER
a2I8H000000krQZUAY,K04,K04,Active,Lobby Panel,LOBBY PANEL - PHONE/INTERCOM
a2I8H000000krQaUAI,090,090,Active,,FWD SLAVE VEHICLE DOOR ENABLE SELF TEST EAST LANE
a2I8H000000krQbUAI,K02,K02,Active,Lobby Panel,LOBBY PANEL - KEY SWITCH
a2I8H000000krQcUAI,K03,K03,Active,,LOBBY PANEL - TOGGLE SWITCH
a2I8H000000krQdUAI,K05,K05,Active,,LOBBY PANEL - AUTO PROGRAM SELECTION
a2I8H000000krQeUAI,K06,K06,Active,,LOBBY PANEL - AUTO INTERVAL ADJUSTMENT
a2I8H000000krQfUAI,K07,K07,Active,Lobby Panel,LOBBY PANEL - INFORMATION DISPLAY / EMS
a2I8H000000krQgUAI,K99,K99,Active,,LOBBY PANEL - OTHER
a2I8H000000krQjUAI,L49,L49,Active,Selector / PPT,SLS SWITCHES
a2I8H000000krQkUAI,M21,M21,Active,,GENERATOR - WIRING
a2I8H000000krQlUAI,S39,S39,Active,,MAIN MACHINE - BRAKE PULLEY
a2I8H000000krQmUAI,L01,L01,Active,,SELECTOR - LEVELING SPEED
a2I8H000000krQnUAI,L02,L02,Active,,SELECTOR - LEVELING ACCURACY
a2I8H000000krQyUAI,141,141,Active,,FWD SLAVE VEHICLE LEFT #2 EMERGENCY ACCESS DOOR OP
a2I8H000000krQzUAI,142,142,Active,,FWD SLAVE VEHILCE LEFT #3 EMERGENCY ACCESS DOOR OP
a2I8H000000krR0UAI,143,143,Active,,FWD SLAVE VEHICLE SAFE TO OPERATE SELF TEST WEST L
a2I8H000000krR1UAI,144,144,Active,,FWD SLAVE VEHICLE DOOR ENABLE SELF TEST WEST LANE
a2I8H000000krR2UAI,145,145,Active,,FWD SLAVE VEHICLE LEFT #1 DOOR NOT LOCKED WEST LAN
a2I8H000000krR6UAI,147,147,Active,,FWD SLAVE VEHICLE LEFT #3 DOOR NOT LOCKED WEST LAN
a2I8H000000krR7UAI,148,148,Active,,FWD SLAVE VEHICLE RIGHT #1 DOOR NOT LOCKED WEST LA
a2I8H000000krRFUAY,F18,F18,Active,Hoistway Doors,HOISTWAY DOORS - RELATING CABLE/ PULLEY
a2I8H000000krRGUAY,F19,F19,Active,Hoistway Doors,HOISTWAY DOORS - RESTRICTOR
a2I8H000000krRHUAY,F30,F30,Active,,HOISTWAY DOORS - AIR CORD
a2I8H000000krRIUAY,F31,F31,Active,Hoistway Doors,HOISTWAY DOORS - DOOR PANEL
a2I8H000000krRJUAY,F32,F32,Active,,HOISTWAY DOORS - ECCENTRIC
a2I8H000000krRKUAY,F33,F33,Active,,HOISTWAY DOORS - GUIDE
a2I8H000000krRLUAY,F34,F34,Active,,HOISTWAY DOORS - LATCH
a2I8H000000krRMUAY,F35,F35,Active,,"HOISTWAY DOORS - ROLLER, HANGER"
a2I8H000000krRNUAY,E69,E69,Active,Car Equipment,CAR - SAFETIES
a2I8H000000krROUAY,E70,E70,Active,,CAR - SHAFT
a2I8H000000krRPUAY,F36,F36,Active,,"HOISTWAY DOORS - ROLLER, UPTHRUST"
a2I8H000000krRQUAY,F37,F37,Active,,HOISTWAY DOORS - SHEAVE
a2I8H000000krRRUAY,F38,F38,Active,,HOISTWAY DOORS - SILL TRIP
a2I8H000000krRSUAY,F39,F39,Active,Hoistway Doors,HOISTWAY DOORS - UNLOCKING DEVICE
a2I8H000000krRTUAY,F41,F41,Active,,HOISTWAY DOOR  - BEARINGS
a2I8H000000krRUUAY,F42,F42,Active,,HOISTWAY DOOR  - GEAR REDUCTION UNIT
a2I8H000000krRVUAY,F43,F43,Active,,HOISTWAY DOOR  - PC BOARD
a2I8H000000krRWUAY,F44,F44,Active,,HOISTWAY DOOR  - RESISTOR
a2I8H000000krRXUAY,L37,L37,Active,,SELECTOR - CROSSHEAD
a2I8H000000krRYUAY,L38,L38,Active,Selector / PPT,SELECTOR - FLOOR BARS
a2I8H000000krRZUAY,L39,L39,Active,,SELECTOR - GEARS
a2I8H000000krRaUAI,F48,F48,Active,,HOISTWAY DOOR  - SWITCHES
a2I8H000000krRbUAI,G02,G02,Active,,HOISTWAY - CAR ON BOTTOM FINAL LIMIT
a2I8H000000krRcUAI,G03,G03,Active,Hoistway Equipment,HOISTWAY - LEVELING SWITCH/CAM
a2I8H000000krRdUAI,G04,G04,Active,Hoistway Equipment,HOISTWAY - DOOR ZONE SWITCH/CAM
a2I8H000000krReUAI,G05,G05,Active,,HOISTWAY - BELL
a2I8H000000krRfUAI,G06,G06,Active,Hoistway Equipment,HOISTWAY - TRAVELING CABLE
a2I8H000000krRgUAI,G07,G07,Active,Hoistway Equipment,HOISTWAY - COUNTERWEIGHT GUIDES
a2I8H000000krRhUAI,G08,G08,Active,Hoistway Equipment,HOISTWAY - ROPES: HOIST
a2I8H000000krRiUAI,G09,G09,Active,Hoistway Equipment,HOISTWAY - ROPES/CHAIN: COMPENSATING
a2I8H000000krRjUAI,G10,G10,Active,Hoistway Equipment,HOISTWAY - ROPES: GOVERNOR
a2I8H000000krRkUAI,G11,G11,Active,Hoistway Equipment,HOISTWAY - RAILS - CWT
a2I8H000000krRlUAI,G12,G12,Active,Hoistway Equipment,HOISTWAY - INDUCTOR
a2I8H000000krRmUAI,G13,G13,Active,Hoistway Equipment,HOISTWAY - RAILS
a2I8H000000krRnUAI,G14,G14,Active,Hoistway Equipment,HOISTWAY - SWITCH/CAM/MAGNET
a2I8H000000krRoUAI,171,171,Active,,AFT SLAVE VEHICLE PHASE LOSS EAST LANE
a2I8H000000krRpUAI,C02,C02,Active,,STARTER PANEL - RESISTOR
a2I8H000000krRqUAI,169,169,Active,,AFT SLAVE VEHICLE AFT E-STOP PUSHBUTTON ACTIVATED
a2I8H000000krRrUAI,170,170,Active,,AFT SLAVE VEHICLE FWD E-STOP PUSHBUTTON ACTIVATED
a2I8H000000krRsUAI,172,172,Active,,MASTER VEHICLE FWD BLOWER MOTOR TEMPERATURE HIGH E
a2I8H000000krRtUAI,173,173,Active,,MASTER VEHICLE FWD BLOWER OIL COOLING EQUIPMENT FA
a2I8H000000krRuUAI,174,174,Active,,MASTER VEHICLE FWD BLOWER PRESSURE SWITCH CK1 FAUL
a2I8H000000krRvUAI,175,175,Active,,MASTER VEHICLE FWD BLOWER PRESSURE SWITCH CK2 FAUL
a2I8H000000krRwUAI,176,176,Active,,MASTER VEHICLE FWD BLOWER OIL PLUMBING FAULT EAST
a2I8H000000krRxUAI,177,177,Active,,MASTER VEHICLE AFT BLOWER MOTOR TEMPERATURE HIGH E
a2I8H000000krRyUAI,178,178,Active,,MASTER VEHICLE AFT BLOWER OIL COOLING EQUIPMENT FA
a2I8H000000krRzUAI,179,179,Active,,MASTER VEHICLE AFT BLOWER PRESSURE SWITCH CK1 FAUL
a2I8H000000krS0UAI,180,180,Active,,MASTER VEHICLE AFT BLOWER PRESSURE SWITCH CK2 FAUL
a2I8H000000krS4UAI,B32,B32,Active,Group Controller,GROUP CONTROLLER - SECURITY / CARD READER
a2I8H000000krS5UAI,B33,B33,Active,Group Controller,GROUP CONTROLLER - SOFTWARE
a2I8H000000krSJUAY,196,196,Active,,AFT SLAVE VEHICLE FWD BLOWER MOTOR TEMPERATURE HIG
a2I8H000000krSKUAY,197,197,Active,,AFT SLAVE VEHICLE FWD BLOWER OIL COOLING EQUIPMENT
a2I8H000000krSLUAY,W24,W24,Active,,COUNTERWEIGHT GOVERNOR - SWITCHES
a2I8H000000krSMUAY,T87,T87,Active,,ESCALATOR - BRAKE
a2I8H000000krSNUAY,T88,T88,Active,Escalator,ESCALATOR - LOADED GAP TEST
a2I8H000000krSOUAY,T89,T89,Active,Escalator,ESCALATOR - SKIRT BRUSHES
a2I8H000000krSPUAY,T90,T90,Active,Escalator,ESCALATOR-CLEAN DOWN ESCALATOR/REPORT OF CONDITION
a2I8H000000krSQUAY,S14,S14,Active,,MAIN MACHINE - GEAR CASE
a2I8H000000krSRUAY,594,594,Active,,CONTROL ROOM WAYSIDE VEHICLE COMMUNICATION
a2I8H000000krSSUAY,591,591,Active,,CONTROL ROOM SHEAVE CONTROL CAB-OPERATOR
a2I8H000000krSTUAY,592,592,Active,,CONTROL ROOM CONSOLE
a2I8H000000krSUUAY,593,593,Active,,CONTROL ROOM COMMUNICATION CABINETS
a2I8H000000krSVUAY,595,595,Active,,CONTROL ROOM PA
a2I8H000000krSWUAY,596,596,Active,,CONTROL ROOM CCTV
a2I8H000000krSXUAY,597,597,Active,,CONTROL ROOM DIAGNOSTIC COMMUNICATION
a2I8H000000krSYUAY,598,598,Active,,CONTROL ROOM SUPERVISOR PC
a2I8H000000krSZUAY,605,605,Active,,ELECTRICAL ROOM UPS
a2I8H000000krSaUAI,606,606,Active,,ELECTRICAL ROOM CONVERTER
a2I8H000000krSbUAI,607,607,Active,,ELECTRICAL ROOM MAIN CB PANEL
a2I8H000000krScUAI,608,608,Active,,ELECTRICAL ROOM DRIVE TRANSFORMER
a2I8H000000krSdUAI,T69,T69,Active,,ESCALATOR - RECTIFIERS
a2I8H000000krSeUAI,T70,T70,Active,,ESCALATOR - RELAYS/SWITCHES
a2I8H000000krSfUAI,T71,T71,Active,,ESCALATOR - RESISTOR
a2I8H000000krSgUAI,T72,T72,Active,,ESCALATOR - TRANSFORMERS
a2I8H000000krShUAI,T73,T73,Active,,ESCALATOR - TRAVELING CABLE
a2I8H000000krSiUAI,T74,T74,Active,,ESCALATOR - WIRING
a2I8H000000krSjUAI,T75,T75,Active,Escalator,ESCALATOR - HANDRAIL DRIVE/CHAIN/BELT-LEFT
a2I8H000000krSkUAI,T76,T76,Active,Escalator,ESCALATOR - HANDRAIL DRIVE/CHAIN/BELT-RIGHT
a2I8H000000krSlUAI,T77,T77,Active,Escalator,ESCALATOR - HANDRAIL GUIDES - LEFT
a2I8H000000krT0UAI,E33,E33,Active,,CAR - SWITCHES
a2I8H000000krT1UAI,E34,E34,Active,Car Equipment,LOAD WEIGHING TRANSDUCER
a2I8H000000krT2UAI,E40,E40,Active,,CAR - CDI
a2I8H000000krT3UAI,E41,E41,Active,,CAR - CEILING
a2I8H000000krT4UAI,E42,E42,Active,,CAR - CPI
a2I8H000000krTCUAY,149,149,Active,,FWD SLAVE VEHICLE RIGHT #2 DOOR NOT LOCKED WEST LA
a2I8H000000krTDUAY,150,150,Active,,FWD SLAVE VEHICLE RIGHT #3 DOOR NOT LOCKED WEST LA
a2I8H000000krTEUAY,151,151,Active,,FWD SLAVE VEHICLE AFT E-STOP PUSHBUTTON ACTIVATED
a2I8H000000krTFUAY,152,152,Active,,FWD SLAVE VEHICLE FWD E-STOP PUSHBUTTON ACTIVATED
a2I8H000000krTGUAY,S18,S18,Active,Main Machine / Brake,MAIN MACHINE - MOTOR
a2I8H000000krTHUAY,S15,S15,Active,,MAIN MACHINE - HOSE
a2I8H000000krTIUAY,S16,S16,Active,,MAIN MACHINE - LOAD WEIGHING TRANSDUCER
a2I8H000000krTJUAY,S17,S17,Active,,MAIN MACHINE - MAIN BEARING
a2I8H000000krTKUAY,S19,S19,Active,Main Machine / Brake,MAIN MACHINE - PUMP
a2I8H000000krTLUAY,M15,M15,Active,,GENERATOR - GROUND FAULT
a2I8H000000krTMUAY,P03,P03,Active,Hydraulic Machine,HYDRAULIC MACHINE - BELT
a2I8H000000krTNUAY,P04,P04,Active,Hydraulic Machine,HYDRAULIC MACHINE - VALVE
a2I8H000000krTOUAY,P05,P05,Active,Hydraulic Machine,HYDRAULIC MACHINE - HOSE
a2I8H000000krTPUAY,P02,P02,Active,,HYDRAULIC MACHINE - PUMP
a2I8H000000krTQUAY,S13,S13,Active,Main Machine / Brake,MAIN MACHINE - FIELDS
a2I8H000000krTRUAY,P06,P06,Active,,HYDRAULIC MACHINE - ADDED OIL
a2I8H000000krTSUAY,S20,S20,Active,,MAIN MACHINE - ROTOR
a2I8H000000krTTUAY,S44,S44,Active,,MAIN MACHINE - CABLE LINER
a2I8H000000krTUUAY,S45,S45,Active,Main Machine / Brake,MAIN MACHINE - COMMUTATOR
a2I8H000000krTVUAY,S46,S46,Active,,MAIN MACHINE - COUPLING
a2I8H000000krTWUAY,P07,P07,Active,Hydraulic Machine,HYDRAULIC MACHINE - REM OIL SENSOR
a2I8H000000krTXUAY,P08,P08,Active,Hydraulic Machine,HYDRAULIC MACHINE - PIPING / FITTINGS
a2I8H000000krTYUAY,P09,P09,Active,Hydraulic Machine,HYDRAULIC MACHINE - OIL / TANK / HEATER
a2I8H000000krTZUAY,P99,P99,Active,,HYDRAULIC MACHINE - OTHER
a2I8H000000krTaUAI,S21,S21,Active,Main Machine / Brake,MAIN MACHINE - SEAL
a2I8H000000krTbUAI,S22,S22,Active,,MAIN MACHINE - STATOR
a2I8H000000krTcUAI,E64,E64,Active,Car Equipment,CAR - INDUCTORS
a2I8H000000krTdUAI,E65,E65,Active,,CAR - ISOLATION
a2I8H000000krTeUAI,R01,R01,Active,Gear Case,GEAR CASE - SEALS
a2I8H000000krTfUAI,R02,R02,Active,,GEAR CASE - MAIN BEARING
a2I8H000000krTgUAI,R03,R03,Active,,GEAR CASE - THRUST BEARING
a2I8H000000krThUAI,S23,S23,Active,,MAIN MACHINE - THRUST BEARING
a2I8H000000krTiUAI,S24,S24,Active,,MAIN MACHINE - VALVE
a2I8H000000krTjUAI,S25,S25,Active,Main Machine / Brake,MAIN MACHINE - BRAKE SWITCH
a2I8H000000krTkUAI,S26,S26,Active,,MAIN MACHINE - FAN / BLOWER
a2I8H000000krTlUAI,E66,E66,Active,Car Equipment,CAR - LIGHT
a2I8H000000krTmUAI,E67,E67,Active,,CAR - LOAD WEIGHING
a2I8H000000krTnUAI,E68,E68,Active,,CAR - PC BOARD
a2I8H000000krTqUAI,E71,E71,Active,Car Equipment,CAR - SHEAVE
a2I8H000000krTrUAI,E73,E73,Active,,CAR - TERMINAL MOTION SWITCH
a2I8H000000krTsUAI,E74,E74,Active,Car Equipment,CAR - CAR FRAME / SAFETIES
a2I8H000000krTtUAI,E99,E99,Active,,CAR - OTHER
a2I8H000000krTuUAI,F01,F01,Active,Hoistway Doors,HOISTWAY DOORS - INTERLOCK/ELECTRICAL
a2I8H000000krTvUAI,F02,F02,Active,Hoistway Doors,HOISTWAY DOORS - DOOR LOCK/BELL CRANK/MECHANICAL
a2I8H000000krTwUAI,F03,F03,Active,Hoistway Doors,HOISTWAY DOORS - CHECK
a2I8H000000krTxUAI,F04,F04,Active,Hoistway Doors,HOISTWAY DOORS - CLOSER/WEIGHTED
a2I8H000000krTyUAI,F05,F05,Active,Hoistway Doors,HOISTWAY DOORS - HANGER
a2I8H000000krTzUAI,T81,T81,Active,Escalator,ESCALATOR - HANDRAIL ROLLERS / NEWELS - RIGHT
a2I8H000000krU0UAI,T78,T78,Active,Escalator,ESCALATOR - HANDRAIL GUIDES - RIGHT
a2I8H000000krU1UAI,T79,T79,Active,Escalator,ESCALATOR - HANDRAIL ROLLERS / NEWELS - LEFT
a2I8H000000krU2UAI,T80,T80,Active,,ESCALATOR - MDSB UPGRADE (MAIN DRIVE SHAFT BRAKE)
a2I8H000000krU3UAI,T82,T82,Active,Escalator,ESCALATOR - HANDRAIL SPEED SENSOR - LEFT
a2I8H000000krU4UAI,T83,T83,Active,Escalator,ESCALATOR - HANDRAIL SPEED SENSOR - RIGHT
a2I8H000000krU5UAI,T84,T84,Active,Escalator,ESCALATOR - MACHINE/DRIVE CHAIN/BELT/SPROCKET
a2I8H000000krU6UAI,T85,T85,Active,Escalator,ESCALATOR - MACHINE DRIVE SHAFT BRAKE
a2I8H000000krU7UAI,573,573,Active,,MACHINE ROOM G6 SHEAVE
a2I8H000000krU8UAI,574,574,Active,,MACHINE ROOM IDLER SHEAVE
a2I8H000000krU9UAI,575,575,Active,,MACHINE ROOM ENCODER
a2I8H000000krUAUAY,576,576,Active,,MACHINE ROOM WAYSIDE SIGNALLING UNIT
a2I8H000000krUBUAY,577,577,Active,,MACHINE ROOM WAYSIDE SIGNALLING UNIT POWER SUPPLY
a2I8H000000krUCUAY,578,578,Active,,MACHINE ROOM TENSION WEIGHT LIMIT SWITCH
a2I8H000000krUDUAY,579,579,Active,,MACHINE ROOM CONDUIT SHEAVE ASSEMBLY
a2I8H000000krUEUAY,580,580,Active,,MACHINE ROOM ROPE OILER
a2I8H000000krUFUAY,590,590,Active,,CONTROL ROOM SHEAVE CONTROL CAB-SAFETY
a2I8H000000krUGUAY,A99,A99,Active,,CAR CONTROLLER - OTHER
a2I8H000000krUHUAY,B01,B01,Active,Group Controller,GROUP CONTROLLER - RELAY
a2I8H000000krUIUAY,B02,B02,Active,Group Controller,GROUP CONTROLLER - RESISTOR
a2I8H000000krUJUAY,B03,B03,Active,,GROUP CONTROLLER - RECTIFIER
a2I8H000000krUKUAY,B04,B04,Active,Group Controller,GROUP CONTROLLER - OVERLOAD
a2I8H000000krULUAY,B05,B05,Active,Group Controller,"GROUP CONTROLLER - PC BOARD, PROCESSOR"
a2I8H000000krUMUAY,B06,B06,Active,Group Controller,GROUP CONTROLLER - FUSE / BREAKER
a2I8H000000krUNUAY,B07,B07,Active,,GROUP CONTROLLER - TRANSFORMER
a2I8H000000krUOUAY,B08,B08,Active,Group Controller,GROUP CONTROLLER- POWER SUPPLY/RECTIFIER/TRANSFORM
a2I8H000000krUPUAY,B09,B09,Active,Group Controller,GROUP CONTROLLER - SES(FIREMAN'S SERVICE)
a2I8H000000krUQUAY,B25,B25,Active,,GROUP CONTROLLER - CONDENSOR
a2I8H000000krURUAY,B28,B28,Active,Group Controller,GROUP CONTROLLER - SWITCH
a2I8H000000krUSUAY,B29,B29,Active,Group Controller,GROUP CONTROLLER - TIMER
a2I8H000000krUTUAY,B30,B30,Active,Group Controller,GROUP CONTROLLER - WIRING  CONNECTOR / PLUG
a2I8H000000krUUUAY,B31,B31,Active,Group Controller,GROUP CONTROLLER - RELAY CONTACT
a2I8H000000krUXUAY,027,027,Active,,ATS HALTED EAST LANE
a2I8H000000krUYUAY,028,028,Active,,POWER DISTRIBUTION FAULT EAST LANE
a2I8H000000krUZUAY,029,029,Active,,TENSION WEIGHT JACK NOT FULLY DOWN EAST LANE
a2I8H000000krUaUAI,030,030,Active,,STATION DOOR SAFETY WEST LANE
a2I8H000000krUbUAI,031,031,Active,,SELF TEST WEST LANE
a2I8H000000krUcUAI,032,032,Active,,ATO TO ATP COMMUNICATION FAULT WEST LANE
a2I8H000000krUdUAI,033,033,Active,,LANE TO LANE COMMUNICATION FAULT WEST LANE
a2I8H000000krUeUAI,049,049,Active,,CONVERTER NON CRITICAL FAULT WEST LANE
a2I8H000000krUfUAI,004,004,Active,,LANE TO LANE COMMUNICATION FAULT EAST LANE
a2I8H000000krUgUAI,001,001,Active,,STATION DOOR SAFETY EAST LANE
a2I8H000000krUhUAI,002,002,Active,,SELF TEST EAST LANE
a2I8H000000krUiUAI,003,003,Active,,ATO TO ATP COMMUNICATION FAULT EAST LANE
a2I8H000000krUjUAI,005,005,Active,,CROSS CHECK FAULT EAST LANE
a2I8H000000krUkUAI,006,006,Active,,GUIDEWAY CONTACTOR FAULT EAST LANE
a2I8H000000krUlUAI,007,007,Active,,TERMINAL OVERTRAVEL EAST LANE
a2I8H000000krUmUAI,008,008,Active,,BYPASS FAULT EAST LANE
a2I8H000000krUnUAI,009,009,Active,,TRAIN OVERSPEED FAULT EAST LANE
a2I8H000000krUoUAI,010,010,Active,,MANUAL EMERGENCY STOP EAST LANE
a2I8H000000krUpUAI,011,011,Active,,DRIVE CONTACTOR FAULT EAST LANE
a2I8H000000krUqUAI,012,012,Active,,TENSION WEIGTH OVERTRAVEL FAULT EAST LANE
a2I8H000000krUrUAI,013,013,Active,,DEROPEMENT FAULT EAST LANE
a2I8H000000krUsUAI,014,014,Active,,EARTHQUAKE CRITICAL FAULT EAST LANE
a2I8H000000krUtUAI,015,015,Active,,CONVERTER CRITICAL FAULT EAST LANE
a2I8H000000krUuUAI,016,016,Active,,MOTOR CRITICAL FAULT EAST LANE
a2I8H000000krUvUAI,017,017,Active,,VEHICLE FAULT EAST LANE
a2I8H000000krUwUAI,018,018,Active,,BARRIER SAFETY FAULT EAST LANE
a2I8H000000krUxUAI,019,019,Active,,MOTOR NON CRITICAL FAULT EAST LANE
a2I8H000000krVEUAY,050,050,Active,,ATO HALTED WEST LANE
a2I8H000000krVFUAY,053,053,Active,,POWER DISTRIBUTION FAULT WEST LANE
a2I8H000000krVGUAY,054,054,Active,,TENSION WEIGHT JACK NOT FULLY DOWN WEST LANE
a2I8H000000krVHUAY,055,055,Active,,EARTHQUAKE CRITICAL FAULT WEST LANE
a2I8H000000krVIUAY,056,056,Active,,EARTHQUAKE NON CRITICAL FAULT WEST LANE
a2I8H000000krVJUAY,057,057,Active,,FIRE TERMINAL 3 WEST LANE
a2I8H000000krVKUAY,058,058,Active,,FIRE CONCOURSE B WEST LANE
a2I8H000000krVMUAY,G22,G22,Active,Hoistway Equipment,HOISTWAY - RODS
a2I8H000000krVNUAY,G15,G15,Active,Hoistway Equipment,HOISTWAY - SHEAVES
a2I8H000000krVOUAY,G20,G20,Active,Hoistway Equipment,HOISTWAY - CWT SAFETY
a2I8H000000krVPUAY,G21,G21,Active,Hoistway Equipment,HOISTWAY - CWT SHEAVE
a2I8H000000krVQUAY,G23,G23,Active,Hoistway Equipment,HOISTWAY - SELECTOR TAPE (STATIONARY W/CAMS)
a2I8H000000krVRUAY,G24,G24,Active,,HOISTWAY - SHEAVE
a2I8H000000krVSUAY,F45,F45,Active,,HOISTWAY DOOR  - SEAL
a2I8H000000krVTUAY,F46,F46,Active,,HOISTWAY DOOR  - SCREW
a2I8H000000krVUUAY,F47,F47,Active,,HOISTWAY DOOR  - SPROCKET
a2I8H000000krVVUAY,G25,G25,Active,Hoistway Equipment,HOISTWAY - WEIGHTS
a2I8H000000krVWUAY,G26,G26,Active,Hoistway Equipment,HOISTWAY - WIRING
a2I8H000000krVXUAY,G27,G27,Active,,HOISTWAY - CAR-TO-CWT ROPES
a2I8H000000krVYUAY,G28,G28,Active,,HOISTWAY - CAR-TO-DRUM ROPES
a2I8H000000krVZUAY,G29,G29,Active,,HOISTWAY - CWT-TO-DRUM ROPES
a2I8H000000krVaUAI,G30,G30,Active,Hoistway Equipment,HOISTWAY - HAND ROPE
a2I8H000000krVdUAI,F99,F99,Active,,HOISTWAY DOORS - OTHER
a2I8H000000krVeUAI,G01,G01,Active,Hoistway Equipment,HOISTWAY - FINAL LIMIT
a2I8H000000krW0UAI,F08,F08,Active,,HOISTWAY DOORS - MOTOR
a2I8H000000krW1UAI,F06,F06,Active,Hoistway Doors,HOISTWAY DOORS - GIB
a2I8H000000krW2UAI,F07,F07,Active,Hoistway Doors,HOISTWAY DOORS - FREIGHT OPERATOR/MOTOR
a2I8H000000krW3UAI,E72,E72,Active,Car Equipment,CAR - STEADYING DEVICE
a2I8H000000krW4UAI,F09,F09,Active,Hoistway Doors,HOISTWAY DOORS - RETIRING CAM
a2I8H000000krW5UAI,F10,F10,Active,Hoistway Doors,HOISTWAY DOORS - CHAIN
a2I8H000000krW6UAI,F11,F11,Active,,HOISTWAY DOORS - DOOR OFF TRACK
a2I8H000000krW7UAI,F12,F12,Active,Hoistway Doors,HOISTWAY DOORS - DOOR/HARDWARE/ FASCIA
a2I8H000000krW8UAI,F13,F13,Active,Hoistway Doors,HOISTWAY DOORS - SILL
a2I8H000000krW9UAI,F14,F14,Active,Hoistway Doors,HOISTWAY DOORS - SIGHT GUARD/ASTRAGAL
a2I8H000000krWAUAY,F15,F15,Active,Hoistway Doors,HOISTWAY DOORS - ROLLER/UPTHRUST
a2I8H000000krWBUAY,F16,F16,Active,Hoistway Doors,HOISTWAY DOORS - SPIRATOR
a2I8H000000krWCUAY,F17,F17,Active,Hoistway Doors,HOISTWAY DOORS - TRACK
a2I8H000000krWrUAI,037,037,Active,,BYPASS FAULT WEST LANE
a2I8H000000krX2UAI,065,065,Active,,MASTER VEHICLE TRAIN LINE SIGNAL LOSS EAST LANE
a2I8H000000krX3UAI,066,066,Active,,MASTER VEHICLE CROSS CHECK FAULT EAST LANE
a2I8H000000krX4UAI,067,067,Active,,MASTER VEHICLE BUMPER SWITCH ACTIVATED EAST LANE
a2I8H000000krX5UAI,068,068,Active,,MASTER VEHICLE LEFT # 1 EMERGENCY ACCESS DOOR OPEN
a2I8H000000krX6UAI,069,069,Active,,MASTER VEHICLE LEFT # 2 EMERGENCY ACCESS DOOR OPEN
a2I8H000000krX7UAI,070,070,Active,,MASTER VEHICLE LEFT # 3 EMERGENCY ACCESS DOOR OPEN
a2I8H000000krX8UAI,071,071,Active,,MASTER VEHICLE SAFE TO OPERATE SELF TEST EAST LANE
a2I8H000000krX9UAI,072,072,Active,,MASTER VEHICLE DOOR ENABLE SELF TEST EAST LANE
a2I8H000000krXAUAY,073,073,Active,,MASTER VEHICLE LEFT # 1 DOOR NOT LOCKED EAST LANE
a2I8H000000krXBUAY,074,074,Active,,MASTER VEHICLE LEFT # 2 DOOR NOT LOCKED EAST LANE
a2I8H000000krXCUAY,075,075,Active,,MASTER VEHICLE LEFT # 3 DOOR NOT LOCKED EAST LANE
a2I8H000000krXDUAY,076,076,Active,,MASTER VEHICLE RIGHT # 1 DOOR NOT LOCKED EAST LANE
a2I8H000000krXEUAY,034,034,Active,,CROSSCHECK FAULT WEST LANE
a2I8H000000krXFUAY,077,077,Active,,MASTER VEHICLE RIGHT # 2 DOOR NOT LOCKED EAST LANE
a2I8H000000krXGUAY,078,078,Active,,MASTER VEHICLE RIGHT # 3 DOOR NOT LOCKED EAST LANE
a2I8H000000krXHUAY,079,079,Active,,MASTER VEHICLE AFT E-STOP PUSHBUTTON ACTIVATED EAS
a2I8H000000krXJUAY,080,080,Active,,MASTER VEHICLE FWD E-STOP PUSHBUTTON ACTIVATED EAS
a2I8H000000krXKUAY,081,081,Active,,MASTER VEHICLE PHASE LOSS EAST LANE
a2I8H000000krXLUAY,082,082,Active,,FWD SLAVE VEHICLE SUSPENSION LOSS EAST LANE
a2I8H000000krXMUAY,083,083,Active,,FWD SLAVE VEHICLE TRAIN LINE SIGNAL LOSS EAST LANE
a2I8H000000krYOUAY,G31,G31,Active,,HOISTWAY - HOISTING TAPE
a2I8H000000krYPUAY,G32,G32,Active,Hoistway Equipment,HOISTWAY - TILLER ROPES
a2I8H000000krYQUAY,G33,G33,Active,Hoistway Equipment,EARTHQUAKE PROTECTION
a2I8H000000krYRUAY,G34,G34,Active,Hoistway Equipment,ROPE SHORTEN / TENSION
a2I8H000000krYSUAY,G35,G35,Active,Hoistway Equipment,SHEAVE BEARING
a2I8H000000krZ4UAI,L03,L03,Active,Selector / PPT,SELECTOR - FLOOR STOPS / PIE PLATES
a2I8H000000krZ5UAI,L04,L04,Active,Selector / PPT,SELECTOR - LEVELING DEVICE OR RING
a2I8H000000krZ6UAI,L05,L05,Active,Selector / PPT,SELECTOR - ADVANCER DRIVE / MOTOR
a2I8H000000krZ7UAI,L06,L06,Active,Selector / PPT,SELECTOR - STOP CONTROL SWITCH
a2I8H000000krZ8UAI,L07,L07,Active,Selector / PPT,SELECTOR - DOOR ZONE CONTACT
a2I8H000000krZ9UAI,L08,L08,Active,,SELECTOR - FLOOR COIL
a2I8H000000krZAUAY,L09,L09,Active,Selector / PPT,SELECTOR - SELECTOR CHAIN
a2I8H000000krZBUAY,L10,L10,Active,,SELECTOR - MOTOR
a2I8H000000krZCUAY,L47,L47,Active,,SELECTOR - TRAVEL NUT
a2I8H000000krZDUAY,L48,L48,Active,,SELECTOR - VERTICAL WORM
a2I8H000000krZEUAY,L11,L11,Active,Selector / PPT,SELECTOR - TAPE/CABLE/SHEAVE
a2I8H000000krZFUAY,M22,M22,Active,Generator,MEGGER
a2I8H000000krZGUAY,M99,M99,Active,,GENERATOR - OTHER
a2I8H000000krZHUAY,N01,N01,Active,Motor,MOTOR - BEARING
a2I8H000000krZIUAY,K01,K01,Active,Lobby Panel,LOBBY PANEL - LIGHTS
a2I8H000000krZJUAY,N02,N02,Active,Motor,MOTOR - BRUSH
a2I8H000000krZKUAY,569,569,Active,,MACHINE ROOM DEROPEMENT UNIT
a2I8H000000krZLUAY,570,570,Active,,MACHINE ROOM HYDRAULIC DAMPENING SYSTEM
a2I8H000000krZMUAY,571,571,Active,,MACHINE ROOM TACHOMETER TERMINATION BOX
a2I8H000000krZNUAY,A08,A08,Active,Car Controller,CAR CONTROLLER- POWER SUPPLY/RECTIFIER/TRANSFORMER
a2I8H000000krZOUAY,A09,A09,Active,,CAR CONTROLLER - SES (FIREMAN'S SERVICE)
a2I8H000000krZPUAY,A10,A10,Active,,CAR CONTROLLER - MAINLINE FUSE
a2I8H000000krZQUAY,A11,A11,Active,,CAR CONTROLLER - MAINLINE SWITCH
a2I8H000000krZRUAY,A12,A12,Active,Car Controller,CAR CONTROLLER - STEPPER SWITCH
a2I8H000000krZSUAY,A13,A13,Active,,CAR CONTROLLER - POR(POWER ON RESET)
a2I8H000000krZTUAY,E30,E30,Active,,CAR - ELECTRICAL PROBLEM
a2I8H000000krZUUAY,E27,E27,Active,Car Equipment,CAR - TAPE READER
a2I8H000000krZVUAY,E28,E28,Active,,CAR - FAN MOTOR
a2I8H000000krZWUAY,E29,E29,Active,Car Equipment,CAR - FAN
a2I8H000000krZXUAY,E31,E31,Active,,CAR - EJECTOR
a2I8H000000krZYUAY,E32,E32,Active,Car Equipment,CAR - ROLLER / SLIDE GUIDE
a2I8H000000krZZUAY,L18,L18,Active,Selector / PPT,SELECTOR - SWITCH
a2I8H000000krZaUAI,L19,L19,Active,Selector / PPT,SELECTOR - WIRING
a2I8H000000krZbUAI,L20,L20,Active,Selector / PPT,SELECTOR - CONTACT
a2I8H000000krZcUAI,L99,L99,Active,,SELECTOR - OTHER
a2I8H000000krZdUAI,M01,M01,Active,Generator,GENERATOR - COMMUTATOR
a2I8H000000krZeUAI,M02,M02,Active,Generator,GENERATOR - ARMATURE
a2I8H000000krZfUAI,M03,M03,Active,Generator,GENERATOR - EXCITER
a2I8H000000krZgUAI,M04,M04,Active,Generator,GENERATOR - FIELDS/STATOR
a2I8H000000krZhUAI,M05,M05,Active,,GENERATOR - STATOR
a2I8H000000krZiUAI,N03,N03,Active,Motor,MOTOR - STATOR/FIELDS
a2I8H000000krZjUAI,N04,N04,Active,Motor,MOTOR - ROTOR/ARMATURE
a2I8H000000krZkUAI,S09,S09,Active,,MAIN MACHINE - BRUSHES
a2I8H000000krZlUAI,S10,S10,Active,,MAIN MACHINE - COUPLING (MOTOR-TO-ENCODER)
a2I8H000000krZmUAI,572,572,Active,,MACHINE ROOM DRIVE SHEAVE
a2I8H000000krZnUAI,S07,S07,Active,,MAIN MACHINE - BEARINGS
a2I8H000000krZoUAI,S08,S08,Active,,MAIN MACHINE - BELT
a2I8H000000krZpUAI,132,132,Active,,MASTER VEHICLE RIGHT # 3 DOOR NOT LOCKED WEST LANE
a2I8H000000krZqUAI,098,098,Active,,FWD SLAVE VEHICLE FWD E-STOP PUSHBUTTON ACTIVATED
a2I8H000000krZrUAI,099,099,Active,,FWD SLAVE VEHICLE PHASE LOSS EAST LANE
a2I8H000000krZsUAI,100,100,Active,,AFT SLAVE VEHICLE SUSPENSION LOSS EAST LANE
a2I8H000000krZtUAI,101,101,Active,,AFT SLAVE VEHICLE TRAIN LINE SIGNAL LOSS EAST LANE
a2I8H000000krZuUAI,102,102,Active,,AFT SLAVE VEHICLE CROSS CHECK FAULT EAST LANE
a2I8H000000krZvUAI,103,103,Active,,AFT SLAVE VEHICLE BUMPER SWITCH ACTIVATED EAST LAN
a2I8H000000krZwUAI,104,104,Active,,AFT SLAVE VEHICLE LEFT # 1 EMERGENCY ACCESS DOOR O
a2I8H000000krZxUAI,105,105,Active,,AFT SLAVE VEHICLE LEFT # 2 EMERGENCY ACCESS DOOR O
a2I8H000000krZyUAI,106,106,Active,,AFT SLAVE VEHICLE LEFT # 3 EMERGENCY ACCESS DOOR O
a2I8H000000krZzUAI,503,503,Active,,GUIDEWAY FLYING SURFACE
a2I8H000000kra0UAA,S56,S56,Active,,MAIN MACHINE - LINER
a2I8H000000kra1UAA,S57,S57,Active,Main Machine / Brake,MAIN MACHINE - OIL
a2I8H000000kra2UAA,S58,S58,Active,,MAIN MACHINE - PINS
a2I8H000000kra3UAA,S59,S59,Active,,MAIN MACHINE - PUMP MOTOR
a2I8H000000kra4UAA,S60,S60,Active,,MAIN MACHINE - RULON LINING
a2I8H000000kra5UAA,S61,S61,Active,,MAIN MACHINE - SHAFT
a2I8H000000kra6UAA,S53,S53,Active,,MAIN MACHINE - HYDRAULIC PACKING
a2I8H000000kra7UAA,502,502,Active,,GUIDEWAY GUIDE RAIL
a2I8H000000kra8UAA,S62,S62,Active,Main Machine / Brake,MAIN MACHINE - SHEAVE/BEARING/DEFLECTOR
a2I8H000000kra9UAA,S63,S63,Active,,MAIN MACHINE - SHEAVE DRIVE
a2I8H000000kraAUAQ,S64,S64,Active,Main Machine / Brake,"MAIN MACHINE - SHEAVE,SECONDARY"
a2I8H000000kraBUAQ,138,138,Active,,FWD SLAVE VEHICLE CROSS CHECK FAULT WEST LANE
a2I8H000000kraCUAQ,135,135,Active,,MASTER VEHICLE PHASE LOSS WEST LANE
a2I8H000000kraDUAQ,136,136,Active,,FWD SLAVE VEHICLE SUSPENSION LOSS WEST LANE
a2I8H000000kraEUAQ,137,137,Active,,FWD SLAVE VEHICLE TRAIN LINE SIGNAL LOSS WEST LANE
a2I8H000000kraFUAQ,139,139,Active,,FWD SLAVE VEHICLE BUMPER SWITCH ACTIVATED WEST LAN
a2I8H000000kraGUAQ,140,140,Active,,FWD SLAVE VEHICLE LEFT #1 EMERGENCY ACCESS DOOR OP
a2I8H000000kraHUAQ,110,110,Active,,AFT SLAVE VEHICLE LEFT # 2 DOOR NOT LOCKED EAST LA
a2I8H000000kraIUAQ,111,111,Active,,AFT SLAVE VEHICLE LEFT # 3 DOOR NOT LOCKED EAST LA
a2I8H000000kraJUAQ,112,112,Active,,AFT SLAVE VEHICLE RIGHT # 1 DOOR NOT LOCKED EAST L
a2I8H000000kraKUAQ,113,113,Active,,AFT SLAVE VEHICLE RIGHT # 2 DOOR NOT LOCKED EAST L
a2I8H000000kraLUAQ,096,096,Active,,FWD SLAVE VEHICLE RIGHT # 3 DOOR NOT LOCKED EAST L
a2I8H000000kraMUAQ,134,134,Active,,MASTER VEHICLE FWD E-STOP PUSHBUTTON ACTIVATED WES
a2I8H000000kraNUAQ,114,114,Active,,AFT SLAVE VEHICLE RIGHT # 3 DOOR NOT LOCKED EAST L
a2I8H000000kraOUAQ,115,115,Active,,AFT SLAVE VEHICLE AFT E-STOP PUSHBUTTON ACTIVATED
a2I8H000000kraPUAQ,116,116,Active,,AFT SLAVE VEHICLE FWD E-STOP PUSHBUTTON ACTIVATED
a2I8H000000kraQUAQ,117,117,Active,,AFT SLAVE VEHICLE PHASE LOSS EAST LANE
a2I8H000000kraRUAQ,118,118,Active,,MASTER VEHICLE SUSPENSION LOSS WEST LANE
a2I8H000000kraSUAQ,119,119,Active,,MASTER VEHICLE TRAIN LINE SIGNAL LOSS WEST LANE
a2I8H000000kraTUAQ,120,120,Active,,MASTER VEHICLE CROSS CHECK FAULT WEST LANE
a2I8H000000kraUUAQ,121,121,Active,,MASTER VEHICLE BUMPER SWITCH ACTIVATED WEST LANE
a2I8H000000kraVUAQ,122,122,Active,,MASTER VEHICLE LEFT # 1 EMERGENCY ACCESS DOOR OPEN
a2I8H000000kraWUAQ,097,097,Active,,FWD SLAVE VEHICLE AFT E-STOP PUSHBUTTON ACTIVATED
a2I8H000000kraXUAQ,086,086,Active,,FWD SLAVE VEHICLE LEFT # 1 EMERGENCY ACCESS DOOR O
a2I8H000000kraYUAQ,133,133,Active,,MASTER VEHICLE AFT E-STOP PUSHBUTTON ACTIVATED WES
a2I8H000000kraZUAQ,123,123,Active,,MASTER VEHICLE LEFT # 2 EMERGENCY ACCESS DOOR OPEN
a2I8H000000kraaUAA,124,124,Active,,MASTER VEHICLE LEFT # 3 EMERGENCY ACCESS DOOR OPEN
a2I8H000000krabUAA,125,125,Active,,MASTER VEHICLE SAFE TO OPERATE SELF TEST WEST LANE
a2I8H000000kracUAA,126,126,Active,,MASTER VEHICLE DOOR ENABLE SELF TEST WEST LANE
a2I8H000000kradUAA,127,127,Active,,MASTER VEHICLE LEFT # 1 DOOR NOT LOCKED WEST LANE
a2I8H000000kraeUAA,128,128,Active,,MASTER VEHICLE LEFT # 2 DOOR NOT LOCKED WEST LANE
a2I8H000000krafUAA,129,129,Active,,MASTER VEHICLE LEFT # 3 DOOR NOT LOCKED WEST LANE
a2I8H000000kragUAA,130,130,Active,,MASTER VEHICLE RIGHT # 1 DOOR NOT LOCKED WEST LANE
a2I8H000000krahUAA,131,131,Active,,MASTER VEHICLE RIGHT # 2 DOOR NOT LOCKED WEST LANE
a2I8H000000kraiUAA,217,217,Active,,MASTER VEHICLE AFT BLOWER OIL PLUMBING FAULT WEST
a2I8H000000krajUAA,218,218,Active,,MASTER VEHICLE AFT BLOWER FAULT WEST LANE
a2I8H000000krakUAA,219,219,Active,,MASTER VEHICLE FWD BLOWER FAULT WEST LANE
a2I8H000000kralUAA,220,220,Active,,FWD SLAVE VEHICLE FWD BLOWER MOTOR TEMPERATURE HIG
a2I8H000000kramUAA,221,221,Active,,FWD SLAVE VEHICLE FWD BLOWER OIL COOLING EQUIPMENT
a2I8H000000kranUAA,222,222,Active,,FWD SLAVE VEHICLE FWD BLOWER PRESSURE SWITCH CK1 F
a2I8H000000kraoUAA,A17,A17,Active,,CAR CONTROLLER - BATTERIES
a2I8H000000krapUAA,A14,A14,Active,Car Controller,CAR CONTROLLER - PRIMARY POSITION TRANSDUCER
a2I8H000000kraqUAA,A15,A15,Active,Car Controller,CAR CONTROLLER - DIRECT DRIVE/STARTER/REGULATOR
a2I8H000000krarUAA,A16,A16,Active,,CAR CONTROLLER - STARTER
a2I8H000000krasUAA,A18,A18,Active,Car Controller,CAR CONTROLLER - BATTERY CHARGER
a2I8H000000kratUAA,A19,A19,Active,,CAR CONTROLLER - C-CY LOCKUP
a2I8H000000krauUAA,091,091,Active,,FWD SLAVE VEHICLE LEFT # 1 DOOR NOT LOCKED EAST LA
a2I8H000000kravUAA,092,092,Active,,FWD SLAVE VEHICLE LEFT # 2 DOOR NOT LOCKED EAST LA
a2I8H000000krawUAA,093,093,Active,,FWD SLAVE VEHICLE LEFT # 3 DOOR NOT LOCKED EAST LA
a2I8H000000kraxUAA,094,094,Active,,FWD SLAVE VEHILCE RIGHT # 3 DOOR NOT LOCKED EAST L
a2I8H000000krayUAA,095,095,Active,,FWD SLAVE VEHICLE RIGHT # 2 DOOR NOT LOCKED EAST L
a2I8H000000krbRUAQ,S68,S68,Active,Main Machine / Brake,MAIN MACHINE - WORM SHAFT
a2I8H000000krbSUAQ,S65,S65,Active,Main Machine / Brake,MAIN MACHINE - SHEAVE 2:1
a2I8H000000krbTUAQ,S66,S66,Active,,MAIN MACHINE - STOP MOTION SWITCH
a2I8H000000krbUUAQ,S67,S67,Active,Main Machine / Brake,MAIN MACHINE - WORM AND GEAR
a2I8H000000krbVUAQ,S69,S69,Active,Main Machine / Brake,MAIN / BRAKE - CABLE LUBRICATOR / CARPET
a2I8H000000krbWUAQ,S70,S70,Active,Main Machine / Brake,MAIN / BRAKE - GUARD
a2I8H000000krbXUAQ,235,235,Active,,AFT SLAVE VEHICLE FWD BLOWER PRESSURE SWITCH CK2 F
a2I8H000000krbYUAQ,236,236,Active,,AFT SLAVE VEHICLE FWD BLOWER OIL PLUMBING FAULT WE
a2I8H000000krbZUAQ,237,237,Active,,AFT SLAVE VEHICLE AFT BLOWER MOTOR TEMPERATURE HIG
a2I8H000000krbaUAA,238,238,Active,,AFT SLAVE VEHICLE AFT BLOWER OIL COOLING EQUIPMENT
a2I8H000000krbbUAA,239,239,Active,,AFT SLAVE VEHICLE AFT BLOWER PRESSURE SWITCH CK1 F
a2I8H000000krbcUAA,240,240,Active,,AFT SLAVE VEHICLE AFT BLOWER PRESSURE SWITCH CK2 F
a2I8H000000krbdUAA,241,241,Active,,AFT SLAVE VEHICLE AFT BLOWER OIL PLUMBING FAULT WE
a2I8H000000krbeUAA,242,242,Active,,AFT SLAVE VEHICLE AFT BLOWER FAULT WEST LANE
a2I8H000000krbfUAA,243,243,Active,,AFT SLAVE VEHICLE FWD BLOWER FAULT WEST LANE
a2I8H000000krbgUAA,244,244,Active,,EAST LANE OPERATIONAL PROCESSOR HALTED
a2I8H000000krbhUAA,245,245,Active,,EAST LANE SAFETY PROCESSOR HALTED
a2I8H000000krbiUAA,246,246,Active,,WEST LANE OPERATIONAL PROCESSORE HALTED
a2I8H000000krbjUAA,247,247,Active,,WEST LANE SAFETY PROCESSOR HALTED
a2I8H000000krbkUAA,S54,S54,Active,,MAIN MACHINE - INTERPOLES
a2I8H000000krblUAA,S55,S55,Active,Main Machine / Brake,MAIN MACHINE - ISOLATION
a2I8H000000krbmUAA,501,501,Active,,GUIDEWAY PROXIMITY SWITCH
a2I8H000000krbnUAA,T10,T10,Active,Escalator,ESCALATOR - REMOVED OBJECT (SKIRTS/STEP/COMB)
a2I8H000000krboUAA,T11,T11,Active,Escalator,ESCALATOR - EMERGENCY STOP BUTTON
a2I8H000000krbpUAA,T12,T12,Active,Escalator,ESCALATOR - CARRIAGE SWITCH
a2I8H000000krbqUAA,T13,T13,Active,Escalator,ESCALATOR - SKIRT SWITCH
a2I8H000000krbrUAA,T14,T14,Active,Escalator,ESCALATOR - STARTING SWITCH
a2I8H000000krbsUAA,T15,T15,Active,Escalator,ESCALATOR - COMBPLATE/SWITCH
a2I8H000000krbtUAA,T16,T16,Active,Escalator,ESCALATOR - STEP
a2I8H000000krbuUAA,107,107,Active,,AFT SLAVE VEHICLE SAFE TO OPERATE SELF TEST EAST L
a2I8H000000krbvUAA,108,108,Active,,AFT SLAVE VEHICLE DOOR ENABLE SELF TEST EAST LANE
a2I8H000000krbwUAA,109,109,Active,,AFT SLAVE VEHICLE LEFT # 1 DOOR NOT LOCKED EAST LA
a2I8H000000krbxUAA,552,552,Active,,MAINTENANCE AREA OPTO COUPLER
a2I8H000000krbyUAA,562,562,Active,,MACHINE ROOM BRAKE
a2I8H000000krbzUAA,563,563,Active,,MACHINE ROOM BRAKE CONTROL UNIT
a2I8H000000krc0UAA,551,551,Active,,MAINTENANCE AREA PROXIMITY SWITCH
a2I8H000000krc1UAA,564,564,Active,,MACHINE ROOM HIGH SPEED COUPLER
a2I8H000000krc2UAA,565,565,Active,,MACHINE ROOM LOW SPEED COUPLER
a2I8H000000krc3UAA,566,566,Active,,MACHINE ROOM MOTOR TACHOMETER
a2I8H000000krc4UAA,567,567,Active,,MACHINE ROOM MOTOR PROTECTION UNIT
a2I8H000000krc5UAA,568,568,Active,,MACHINE ROOM GEARBOX PROTECTION UNIT
a2I8H000000krc6UAA,153,153,Active,,FWD SLAVE VEHICLE PHASE LOSS WEST LANE
a2I8H000000krcRUAQ,T17,T17,Active,,ESCALATOR - LIGHT
a2I8H000000krcSUAQ,T18ca,T18,Active,Escalator,ESCALATOR - SWITCH
a2I8H000000krcTUAQ,T19,T19,Active,Escalator,ESCALATOR - FLOOR PLATE / BALUSTRADE
a2I8H000000krcUUAQ,T20,T20,Active,Escalator,ESCALATOR - AXLE
a2I8H000000krcVUAQ,T21,T21,Active,,ESCALATOR - CHAIN ROLLER
a2I8H000000krcWUAQ,T22,T22,Active,,ESCALATOR - RISER
a2I8H000000krcYUAQ,T23,T23,Active,,ESCALATOR - STEP CHAIN
a2I8H000000krcZUAQ,T24,T24,Active,,ESCALATOR - STEP FRAME
a2I8H000000krd9UAA,233,233,Active,,AFT SLAVE VEHICLE FWD BLOWER OIL COOLING EQUIPMENT
a2I8H000000krdAUAQ,234,234,Active,,AFT SLAVE VEHICLE FWD BLOWER PRESSURE SWITCH CK1 F
a2I8H000000krdTUAQ,157,157,Active,,AFT SLAVE VEHICLE BUMPER SWITCH ACTIVATED WEST LAN
a2I8H000000krdUUAQ,154,154,Active,,AFT SLAVE VEHICLE SUSPENSION LOSS WEST LANE
a2I8H000000krdVUAQ,155,155,Active,,AFT SLAVE VEHICLE TRAIN LINE SIGNAL LOSS WEST LANE
a2I8H000000krdWUAQ,156,156,Active,,AFT SLAVE VEHICLE CROSS CHECK FAULT WEST LANE
a2I8H000000krdXUAQ,158,158,Active,,AFT SLAVE VEHICLE LEFT #1 EMERGENCY ACCESS DOOR OP
a2I8H000000krdYUAQ,159,159,Active,,AFT SLAVE VEHICLE LEFT #2 EMERGENCY ACCESS DOOR OP
a2I8H000000krdZUAQ,160,160,Active,,AFT SLAVE VEHICLE LEFT #3 EMERGENCY ACCESS DOOR OP
a2I8H000000krdaUAA,161,161,Active,,AFT SLAVE VEHICLE SAFE TO OPERATE SELF TEST WEST L
a2I8H000000krdbUAA,162,162,Active,,AFT SLAVE VEHICLE DOOR ENABLE SELF TEST EAST LANE
a2I8H000000krdcUAA,163,163,Active,,AFT SLAVE VEHICLE LEFT #1 DOOR NOT LOCKED EAST LAN
a2I8H000000krddUAA,164,164,Active,,AFT SLAVE VEHICLE LEFT #2 DOOR NOT LOCKED EAST LAN
a2I8H000000krdfUAA,553,553,Active,,MAINTENANCE AREA POWER DISTRIBUTION
a2I8H000000krdgUAA,560,560,Active,,MACHINE ROOM DRIVE MOTOR
a2I8H000000krdhUAA,561,561,Active,,MACHINE ROOM GEARBOX
