Id,Name,FS_Code__c,FS_WorkType__c,FS_ProductClassification__c,FS_Company__c,FS_WorkType__r.Name
a2ZDO0000004De62AE,MT-00000,001P,08qDO000000KzasYAC,Elevator,OTIS Switzerland,Default Work Type
a2ZDO0000004De72AE,MT-00001,002P,08qDO000000KzasYAC,Elevator,OTIS Switzerland,Default Work Type
a2ZDO0000004De82AE,MT-00002,003P,08qDO000000KzasYAC,Elevator,OTIS Switzerland,Default Work Type
a2ZDO0000004De92AE,MT-00003,004P,08qDO000000KzasYAC,Elevator,OTIS Switzerland,Default Work Type
a2ZDO0000004DeA2AU,MT-00004,005P,08qDO000000KzasYAC,Elevator,OTIS Switzerland,Default Work Type
a2ZDO0000004DeB2AU,MT-00005,006P,08qDO000000KzasYAC,Elevator,OTIS Switzerland,Default Work Type
a2ZDO0000004DeC2AU,MT-00006,007P,08qDO000000KzasYAC,Elevator,OTIS Switzerland,Default Work Type
a2ZDO0000004DeD2AU,MT-00007,008P,08qDO000000KzasYAC,Elevator,OTIS Switzerland,Default Work Type
a2ZDO0000004DeE2AU,MT-00008,009P,08qDO000000KzasYAC,Elevator,OTIS Switzerland,Default Work Type
a2ZDO0000004DeF2AU,MT-00009,010P,08qDO000000KzasYAC,Elevator,OTIS Switzerland,Default Work Type
a2ZDO0000004DeG2AU,MT-00010,011P,08qDO000000KzasYAC,Elevator,OTIS Switzerland,Default Work Type
a2ZDO0000004DeH2AU,MT-00011,012P,08qDO000000KzasYAC,Elevator,OTIS Switzerland,Default Work Type
